-- MySQL dump 10.13  Distrib 8.0.0-dmr, for Win64 (x86_64)
--
-- Host: localhost    Database: db_planificacion_new
-- ------------------------------------------------------
-- Server version	8.0.0-dmr-log

/*!40101 SET @OLD_CHARACTER_SET_CLIENT=@@CHARACTER_SET_CLIENT */;
/*!40101 SET @OLD_CHARACTER_SET_RESULTS=@@CHARACTER_SET_RESULTS */;
/*!40101 SET @OLD_COLLATION_CONNECTION=@@COLLATION_CONNECTION */;
/*!40101 SET NAMES utf8 */;
/*!40103 SET @OLD_TIME_ZONE=@@TIME_ZONE */;
/*!40103 SET TIME_ZONE='+00:00' */;
/*!40014 SET @OLD_UNIQUE_CHECKS=@@UNIQUE_CHECKS, UNIQUE_CHECKS=0 */;
/*!40014 SET @OLD_FOREIGN_KEY_CHECKS=@@FOREIGN_KEY_CHECKS, FOREIGN_KEY_CHECKS=0 */;
/*!40101 SET @OLD_SQL_MODE=@@SQL_MODE, SQL_MODE='NO_AUTO_VALUE_ON_ZERO' */;
/*!40111 SET @OLD_SQL_NOTES=@@SQL_NOTES, SQL_NOTES=0 */;

--
-- Table structure for table `centroempresarial`
--

DROP TABLE IF EXISTS `centroempresarial`;
/*!40101 SET @saved_cs_client     = @@character_set_client */;
/*!40101 SET character_set_client = utf8 */;
CREATE TABLE `centroempresarial` (
  `iId` varchar(255) DEFAULT NULL,
  `vNombre` varchar(255) DEFAULT NULL,
  `iSocios` varchar(255) DEFAULT NULL
) ENGINE=InnoDB DEFAULT CHARSET=utf8mb4;
/*!40101 SET character_set_client = @saved_cs_client */;

--
-- Dumping data for table `centroempresarial`
--

LOCK TABLES `centroempresarial` WRITE;
/*!40000 ALTER TABLE `centroempresarial` DISABLE KEYS */;
INSERT INTO `centroempresarial` VALUES ('35','Mérida','496'),('36','Metropolitano','327'),('61','Valladolid','48');
/*!40000 ALTER TABLE `centroempresarial` ENABLE KEYS */;
UNLOCK TABLES;

--
-- Table structure for table `iplan_calif`
--

DROP TABLE IF EXISTS `iplan_calif`;
/*!40101 SET @saved_cs_client     = @@character_set_client */;
/*!40101 SET character_set_client = utf8 */;
CREATE TABLE `iplan_calif` (
  `iIdUsuario` int(10) NOT NULL,
  `iIdPregunta` int(10) NOT NULL,
  `vCalificacion` int(10) NOT NULL DEFAULT '0',
  PRIMARY KEY (`iIdUsuario`,`iIdPregunta`)
) ENGINE=MyISAM DEFAULT CHARSET=latin1;
/*!40101 SET character_set_client = @saved_cs_client */;

--
-- Dumping data for table `iplan_calif`
--

LOCK TABLES `iplan_calif` WRITE;
/*!40000 ALTER TABLE `iplan_calif` DISABLE KEYS */;
/*!40000 ALTER TABLE `iplan_calif` ENABLE KEYS */;
UNLOCK TABLES;

--
-- Table structure for table `iplan_categorias`
--

DROP TABLE IF EXISTS `iplan_categorias`;
/*!40101 SET @saved_cs_client     = @@character_set_client */;
/*!40101 SET character_set_client = utf8 */;
CREATE TABLE `iplan_categorias` (
  `iIdCategoria` int(11) NOT NULL AUTO_INCREMENT,
  `vNombre` varchar(100) NOT NULL,
  `iActivo` bit(1) NOT NULL,
  PRIMARY KEY (`iIdCategoria`)
) ENGINE=MyISAM AUTO_INCREMENT=34 DEFAULT CHARSET=latin1;
/*!40101 SET character_set_client = @saved_cs_client */;

--
-- Dumping data for table `iplan_categorias`
--

LOCK TABLES `iplan_categorias` WRITE;
/*!40000 ALTER TABLE `iplan_categorias` DISABLE KEYS */;
INSERT INTO `iplan_categorias` VALUES (1,'Zona Norte','\0'),(2,'Zona Sur','\0'),(18,'Zona Oriente1','\0'),(17,'Zona Bajio','\0'),(16,'Testing','\0'),(15,'Zona Sur1','\0'),(12,'Zona Oriente','\0'),(19,'Zona Centro','\0'),(20,'Baja California',''),(21,'Bajío Norte',''),(22,'Bajío Centro',''),(23,'Centro',''),(24,'Chihuahua',''),(25,'Norte',''),(26,'Occidente',''),(27,'Pacífico',''),(28,'Peninsular',''),(29,'Sureste',''),(30,'Sur',''),(31,'Suroeste',''),(32,'Tamaulipas',''),(33,'Sonora','');
/*!40000 ALTER TABLE `iplan_categorias` ENABLE KEYS */;
UNLOCK TABLES;

--
-- Table structure for table `iplan_centro_esp`
--

DROP TABLE IF EXISTS `iplan_centro_esp`;
/*!40101 SET @saved_cs_client     = @@character_set_client */;
/*!40101 SET character_set_client = utf8 */;
CREATE TABLE `iplan_centro_esp` (
  `iIdCentro` int(10) NOT NULL AUTO_INCREMENT,
  `vNombre` varchar(100) NOT NULL,
  `iIdEntidad` int(10) NOT NULL,
  `nLatitud` double(15,10) NOT NULL,
  `nLongitud` double(15,10) NOT NULL,
  `iActivo` tinyint(1) NOT NULL DEFAULT '1',
  `iIdCategoria` int(11) DEFAULT NULL,
  PRIMARY KEY (`iIdCentro`)
) ENGINE=InnoDB AUTO_INCREMENT=78 DEFAULT CHARSET=utf8mb4;
/*!40101 SET character_set_client = @saved_cs_client */;

--
-- Dumping data for table `iplan_centro_esp`
--

LOCK TABLES `iplan_centro_esp` WRITE;
/*!40000 ALTER TABLE `iplan_centro_esp` DISABLE KEYS */;
INSERT INTO `iplan_centro_esp` VALUES (1,'Acapulco',12,20.9677780000,-89.6216670000,1,31),(2,'Aguascalientes',1,252.0000000000,1.0000000000,1,21),(3,'Baja California Sur',3,20.9677780000,-89.6216670000,1,27),(4,'Campeche',4,20.9677780000,-89.6216670000,1,28),(5,'Celaya',11,20.9677780000,-89.6216670000,1,22),(6,'Chetumal',23,20.9677780000,-89.6216670000,1,28),(7,'Chiapas',7,20.9677780000,-89.6216670000,1,29),(8,'Chihuahua',8,20.9677780000,-89.6216670000,1,24),(9,'Chilpancingo',12,20.9677780000,-89.6216670000,1,31),(10,'Ciudad de México',9,20.9677780000,-89.6216670000,1,23),(11,'Ciudad Delicias',8,20.9677780000,-89.6216670000,1,24),(12,'Ciudad Juárez',8,20.9677780000,-89.6216670000,1,24),(13,'Ciudad Obregón',26,20.9677780000,-89.6216670000,1,33),(14,'Ciudad Victoria',28,20.9677780000,-89.6216670000,1,32),(15,'Coahuila Sureste',5,20.9677780000,-89.6216670000,1,25),(16,'Colima',6,20.9677780000,-89.6216670000,1,26),(17,'Costa de Chiapas',7,20.9677780000,-89.6216670000,1,29),(18,'Cozumel',23,20.9677780000,-89.6216670000,1,28),(19,'Cuauhtémoc',8,20.9677780000,-89.6216670000,1,24),(20,'Durango',10,20.9677780000,-89.6216670000,1,27),(21,'Ensenada',2,20.9677780000,-89.6216670000,1,20),(22,'Estado de México',15,20.9677780000,-89.6216670000,1,23),(23,'Estado de México Oriente',15,20.9677780000,-89.6216670000,1,23),(24,'Guasave',26,20.9677780000,-89.6216670000,1,27),(25,'Hidalgo',13,20.9677780000,-89.6216670000,1,23),(26,'Hidalgo del Parral',8,20.9677780000,-89.6216670000,1,24),(27,'Irapuato',11,20.9677780000,-89.6216670000,1,22),(28,'Jalisco',14,20.9677780000,-89.6216670000,1,26),(29,'Laguna',5,20.9677780000,-89.6216670000,1,25),(30,'León',11,20.9677780000,-89.6216670000,1,22),(31,'Manzanillo',6,20.9677780000,-89.6216670000,1,26),(32,'Matamoros',28,20.9677780000,-89.6216670000,1,32),(33,'Matehuala',24,20.9677780000,-89.6216670000,1,21),(34,'Mazatlán',25,20.9677780000,-89.6216670000,1,27),(35,'Mérida',1,496.0000000000,1.0000000000,0,NULL),(36,'Metropolitano',9,20.9677780000,-89.6216670000,1,23),(37,'Mexicali',2,20.9677780000,-89.6216670000,1,20),(38,'Michoacán',16,20.9677780000,-89.6216670000,1,22),(39,'Morelos',17,20.9677780000,-89.6216670000,1,31),(40,'Navojoa',26,20.9677780000,-89.6216670000,1,33),(41,'Nayarit',18,20.9677780000,-89.6216670000,1,26),(42,'Norte de Sonora',26,20.9677780000,-89.6216670000,1,33),(43,'Nuevo Casas Grandes',8,20.9677780000,-89.6216670000,1,24),(44,'Laredo',28,20.9677780000,-89.6216670000,1,32),(45,'Nuevo León',19,20.9677780000,-89.6216670000,1,25),(46,'Oaxaca',20,20.9677780000,-89.6216670000,1,31),(47,'Puebla',21,20.9677780000,-89.6216670000,1,30),(48,'Puerto Vallarta',14,20.9677780000,-89.6216670000,1,26),(49,'Querétaro',22,20.9677780000,-89.6216670000,1,22),(50,'Quintana Roo',23,20.9677780000,-89.6216670000,1,28),(51,'Reynosa',28,20.9677780000,-89.6216670000,1,32),(61,'Valladolid',31,20.9677780000,-89.6216670000,1,28),(64,'Mérida',31,20.9677780000,-89.6216670000,1,28),(65,'San Luis Potosí',24,20.9677780000,-89.6216670000,1,21),(66,'San Martin',21,20.9677780000,-89.6216670000,1,30),(67,'Sinaloa',25,20.9677780000,-89.6216670000,1,27),(68,'Tabasco',27,20.9677780000,-89.6216670000,1,29),(69,'Tampico',28,20.9677780000,-89.6216670000,1,32),(70,'Tehuacán',21,20.9677780000,-89.6216670000,1,30),(71,'Tepatitlán',14,20.9677780000,-89.6216670000,1,26),(72,'Tijuana',2,20.9677780000,-89.6216670000,1,20),(73,'Tlaxcala',29,20.9677780000,-89.6216670000,1,30),(74,'Veracruz',30,20.9677780000,-89.6216670000,1,30),(75,'Xalapa',30,20.9677780000,-89.6216670000,1,30),(76,'Zacatecas',32,20.9677780000,-89.6216670000,1,21),(77,'Valle del Fuerte',25,20.9677780000,-89.6216670000,1,27);
/*!40000 ALTER TABLE `iplan_centro_esp` ENABLE KEYS */;
UNLOCK TABLES;

--
-- Table structure for table `iplan_cuest_usuario`
--

DROP TABLE IF EXISTS `iplan_cuest_usuario`;
/*!40101 SET @saved_cs_client     = @@character_set_client */;
/*!40101 SET character_set_client = utf8 */;
CREATE TABLE `iplan_cuest_usuario` (
  `iIdCuestionario` int(11) NOT NULL,
  `iIdUsuario` int(11) NOT NULL,
  `dFechaEnvio` date DEFAULT NULL,
  `iIdAnonimo` varchar(100) NOT NULL
) ENGINE=MyISAM DEFAULT CHARSET=latin1;
/*!40101 SET character_set_client = @saved_cs_client */;

--
-- Dumping data for table `iplan_cuest_usuario`
--

LOCK TABLES `iplan_cuest_usuario` WRITE;
/*!40000 ALTER TABLE `iplan_cuest_usuario` DISABLE KEYS */;
INSERT INTO `iplan_cuest_usuario` VALUES (64,0,'2020-04-23',''),(65,108,'2020-04-25',''),(66,102,'2020-04-25',''),(64,0,'2020-04-25',''),(64,0,'2020-04-25',''),(64,0,'2020-04-25',''),(67,102,'2020-04-25',''),(68,102,'2020-04-25',''),(68,0,'2020-04-25',''),(68,0,'2020-04-25',''),(68,0,'2020-04-25',''),(64,0,'2020-04-26',''),(68,108,'2020-04-26',''),(68,0,'2020-04-26',''),(67,0,'2020-04-27',''),(67,0,'2020-04-27',''),(70,102,'2020-04-27',''),(70,108,'2020-04-27',''),(70,0,'2020-04-27',''),(73,119,'2020-04-28',''),(73,0,'2020-04-28',''),(73,0,'2020-04-28',''),(73,0,'2020-04-28',''),(73,0,'2020-04-28',''),(73,117,'2020-04-28',''),(73,116,'2020-04-28',''),(73,102,'2020-04-29',''),(70,0,'2020-04-30','5eaa6073c4db2'),(68,0,'2020-04-30','5eaa634a2a5d6'),(68,0,'2020-04-30','5eaa63886b610'),(68,0,'2020-04-30','5eaa660990fdb'),(68,0,'2020-04-30','5eaa66a8eaf76'),(68,0,'2020-04-30','5eaa67e46bf45'),(68,0,'2020-04-30','5eaa68d949ef9'),(68,0,'2020-04-30','5eaa69a066b66'),(68,0,'2020-04-30','5eaa6a9624b7e'),(68,0,'2020-04-30','5eaa6cdf09ae5'),(68,0,'2020-04-30','5eaa6d9aad833'),(68,0,'2020-04-30','5eaa6e5ecf6ea'),(77,102,'2020-04-30',''),(77,0,'2020-04-30','5eaa792f1a58e'),(78,102,'2020-04-30',''),(78,0,'2020-04-30','5eab5789994dc'),(64,0,'2020-05-04','5eb0c27182606'),(80,0,'2020-05-06','5eb327c12513f'),(80,0,'2020-05-08','5eb56b00387d4'),(80,0,'2020-05-08','5eb56bb590da3'),(80,0,'2020-05-08','5eb56d3d10788'),(80,0,'2020-05-08','5eb56d6d1cc5c'),(80,0,'2020-05-08','5eb56fe257a3b'),(80,0,'2020-05-08','5eb5701aa2467'),(80,0,'2020-05-08','5eb5735e471b2'),(80,0,'2020-05-08','5eb573ce74157'),(80,0,'2020-05-08','5eb57485408de'),(80,0,'2020-05-08','5eb574d74f582'),(80,0,'2020-05-08','5eb5754bdc030'),(80,0,'2020-05-08','5eb575b81bca4'),(80,0,'2020-05-08','5eb577134479f'),(80,0,'2020-05-08','5eb578c195f0b'),(80,131,'2020-05-08',''),(80,0,'2020-05-08','5eb579d5cd15e'),(80,0,'2020-05-08','5eb57a10b867b'),(80,0,'2020-05-08','5eb57a539308a'),(80,0,'2020-05-08','5eb57aa80c6c7'),(80,0,'2020-05-08','5eb57b04aae99'),(80,0,'2020-05-08','5eb57b5aeb1b4'),(80,0,'2020-05-08','5eb57baa5945e'),(80,0,'2020-05-08','5eb57d2fec859'),(80,0,'2020-05-08','5eb57fb1cab2f'),(80,0,'2020-05-08','5eb57ff3cc7c3'),(80,0,'2020-05-08','5eb5812f65bb1'),(80,0,'2020-05-08','5eb5814de0559'),(80,0,'2020-05-08','5eb581973283d'),(80,0,'2020-05-08','5eb581c6ec658'),(80,0,'2020-05-08','5eb5820866cbb'),(80,0,'2020-05-08','5eb582356013d'),(80,0,'2020-05-08','5eb5824cc0c12'),(80,0,'2020-05-08','5eb582b568a1f'),(80,0,'2020-05-08','5eb582df3a27b'),(80,0,'2020-05-08','5eb5836711cf8'),(80,0,'2020-05-08','5eb583b54efa0'),(80,0,'2020-05-08','5eb58400ace49'),(80,0,'2020-05-08','5eb584e5dfe81'),(80,0,'2020-05-08','5eb5858f04833'),(80,0,'2020-05-08','5eb5868cab9ff'),(80,0,'2020-05-08','5eb58742d7241'),(80,0,'2020-05-08','5eb58778db957'),(80,0,'2020-05-08','5eb5878c228b8'),(80,0,'2020-05-08','5eb588689ca9c'),(80,0,'2020-05-08','5eb588a0c7b03'),(80,0,'2020-05-08','5eb58996426db'),(80,0,'2020-05-08','5eb589b98aab3'),(80,0,'2020-05-08','5eb589c70129e'),(80,0,'2020-05-08','5eb58bde43a2f'),(80,0,'2020-05-08','5eb58cb6aedc5'),(80,0,'2020-05-08','5eb58f200bde5'),(80,0,'2020-05-08','5eb58fdcab75b'),(80,0,'2020-05-08','5eb591d1c13dc'),(80,0,'2020-05-08','5eb59261dd750'),(80,0,'2020-05-08','5eb592709f536'),(80,0,'2020-05-08','5eb5940ecdc26'),(80,0,'2020-05-08','5eb595c81b6ff'),(80,0,'2020-05-08','5eb5962db2f81'),(80,0,'2020-05-08','5eb59661d9035'),(80,0,'2020-05-08','5eb596dbc50b8'),(80,0,'2020-05-08','5eb596dfc4070'),(80,0,'2020-05-08','5eb596eb86956'),(80,0,'2020-05-08','5eb59745ba73c'),(80,0,'2020-05-08','5eb59760ea3d5'),(80,0,'2020-05-08','5eb597d832adc'),(80,0,'2020-05-08','5eb597da5def3'),(80,0,'2020-05-08','5eb597e08965b'),(80,0,'2020-05-08','5eb5983b2f185'),(80,0,'2020-05-08','5eb599e308af6'),(80,0,'2020-05-08','5eb599ebe1949'),(80,0,'2020-05-08','5eb59af35c9f7'),(80,0,'2020-05-08','5eb59b4cdb544'),(80,0,'2020-05-08','5eb59c255837e'),(80,0,'2020-05-08','5eb59c728d4e2'),(80,0,'2020-05-08','5eb59c7682579'),(80,0,'2020-05-08','5eb59d4645505'),(80,0,'2020-05-08','5eb59f6e48280'),(80,0,'2020-05-08','5eb5a0857d3d7'),(80,102,'2020-05-13','');
/*!40000 ALTER TABLE `iplan_cuest_usuario` ENABLE KEYS */;
UNLOCK TABLES;

--
-- Table structure for table `iplan_cuestionarios`
--

DROP TABLE IF EXISTS `iplan_cuestionarios`;
/*!40101 SET @saved_cs_client     = @@character_set_client */;
/*!40101 SET character_set_client = utf8 */;
CREATE TABLE `iplan_cuestionarios` (
  `iIdCuestionario` int(10) unsigned NOT NULL AUTO_INCREMENT,
  `vCuestionario` varchar(150) NOT NULL,
  `vDescripcion` text,
  `iTipo` tinyint(1) unsigned NOT NULL DEFAULT '1' COMMENT '1= Entidad federativa, 2 = Municipio',
  `iTodos` tinyint(1) DEFAULT '0',
  `vAvisoPriv` varchar(250) NOT NULL DEFAULT '',
  `dVigencia` date NOT NULL DEFAULT '2020-01-01',
  `iActivo` tinyint(1) unsigned NOT NULL DEFAULT '1',
  `dFechaCreacion` date DEFAULT NULL,
  `bEsPublico` bit(1) NOT NULL,
  `bEsNacional` bit(1) NOT NULL,
  `bEsEmpresarial` bit(1) NOT NULL,
  `vInfoGeneral` varchar(500) NOT NULL,
  `vLinkFinal` varchar(500) NOT NULL,
  `vTextFinal` varchar(500) NOT NULL,
  PRIMARY KEY (`iIdCuestionario`)
) ENGINE=InnoDB AUTO_INCREMENT=81 DEFAULT CHARSET=utf8;
/*!40101 SET character_set_client = @saved_cs_client */;

--
-- Dumping data for table `iplan_cuestionarios`
--

LOCK TABLES `iplan_cuestionarios` WRITE;
/*!40000 ALTER TABLE `iplan_cuestionarios` DISABLE KEYS */;
INSERT INTO `iplan_cuestionarios` VALUES (64,'PULSO SEMANAL COPARMEX (3er Levantamiento)','El objetivo de este sondeo es conocer las problemáticas que están enfrentando los socios Coparmex de Centros Empresariales ante la epidemia del Coronavirus e identificar las mejores prácticas para hacerles frente. \r\n\r\n',1,0,'http://bit.ly/2Ukrlz4','2020-05-12',0,'2020-04-23','','\0','\0','Coparmex se mejora cada día.\r\n\r\nEl objetivo de este sondeo es conocer las problemáticas que están enfrentando los socios Coparmex de Centros Empresariales ante la epidemia del Coronavirus e identificar las mejores prácticas para hacerles frente. \r\n\r\nEsta es el tercer levantamiento de información de información.','https://forms.gle/naVYpGSPPHruwStf8 ','¿Te gustaría compartir tu historia? Participa en nuestra edición especial de dices y comparte las medidas que estás implementando en tu centro de trabajo para hacer frente al covid-19.'),(65,'cuestionario de prueba','',64,0,'https://coparmex.org.mx/downloads/ENVIOS/AvisoPrivacidad_historias_covid.pdf','2020-05-09',0,'2020-04-25','\0','\0','','','',''),(66,'Test Coparmex Nacional','TESTING descripcion de cuestionario',1,0,'https://cdn.ckeditor.com/#ckeditor5','2020-07-31',0,'2020-04-25','\0','','\0','Coparmex se mejora cada día. El objetivo de este sondeo es conocer las problemáticas que están enfrentando los socios Coparmex ante la epidemia del Coronavirus e identificar las mejores prácticas para hacerles frente.','https://www.mercadolibre.com.mx/','Mi Texto Final'),(67,'TESTING LINK','prueba descripcion',1,0,'https://sweetalert2.github.io/','2020-06-26',0,'2020-04-01','','','\0','prueba informacion general','https://sweetalert2.github.io/','Para mas informacion'),(68,'Testing different users','Testing different users',0,1,'https://sweetalert2.github.io/','2020-08-14',0,'2020-04-01','','','','Testing different users','https://sweetalert2.github.io/','Para mas detalles '),(69,'','',1,0,'','2020-01-01',0,NULL,'\0','\0','\0','','',''),(70,'Test Varias Preguntas Anidadas','Test Varias Preguntas Anidadas',0,1,'https://www.sitepoint.com/jquery-loop-select-options/','2020-09-30',0,'2020-04-01','','','','Test Varias Preguntas Anidadas','https://stackoverflow.com/questions/15014663/jquery-iterate-through-all-option-elements-in-a-multiple-select-element','Gracias Visita'),(71,'','',1,0,'','2020-01-01',0,NULL,'\0','\0','\0','','',''),(72,'COVID 19 COPARMEX','',1,0,'','2020-01-01',0,'0000-00-00','\0','\0','\0','','',''),(73,'Cuestionario Prueba 1','Descripción Cuestionario Prueba 1',4,1,'https://openknowledge.worldbank.org/bitstream/handle/10986/33555/211570SP.pdf','2020-05-10',0,'2020-04-20','','','','Información General del Cuestionario Prueba 1','https://openknowledge.worldbank.org/bitstream/handle/10986/33555/211570SP.pdf','Si quieres conocer más visita el siguiente link'),(74,'Cuestionario Prueba 2','Descripción del Cuestionario Prueba 2',3,1,'https://openknowledge.worldbank.org/bitstream/handle/10986/33555/211570SP.pdf','2020-05-20',0,'2020-04-25','','','','Información General del Cuestionario Prueba 2','https://openknowledge.worldbank.org/bitstream/handle/10986/33555/211570SP.pdf','Si quieres conocer más visita el siguiente link'),(75,'Cuestionario Prueba 3','Descripción del Cuestionario Prueba 3',10,1,'https://openknowledge.worldbank.org/bitstream/handle/10986/33555/211570SP.pdf','2020-05-14',0,'2020-04-27','','','','Información General del Cuestionario Prueba 3','https://openknowledge.worldbank.org/bitstream/handle/10986/33555/211570SP.pdf','Si quieres conocer más visita el siguiente link'),(76,'Cuestionario Prueba 4','Descirpción 4',1,0,'https://docs.google.com/document/d/1Wt1IIbEEngSAg7Z-H7PcpTXez-30jd3D/edit','2020-05-20',0,'2020-04-28','\0','','\0','Información Prueba 4','',''),(77,'Cuestionario prueba 1','Cuestionario prueba 1 Desc',0,1,'https://api.jquery.com/data/','2020-05-31',0,'2020-04-01','','','','Cuestionario prueba 1 Info','',''),(78,'Cuestionario de Prueba 2','Cuestionario de Prueba 2 Descripcion',0,1,'https://www.gob.mx/aviso_de_privacidad','2020-05-31',0,'2020-04-01','','','','Cuestionario de Prueba 2 Informacion','https://www.gob.mx/aviso_de_privacidad','Para mas informacion'),(79,'PULSO SEMANAL COPARMEX (3er levantamiento)','El objetivo de este sondeo es conocer las problemáticas que están enfrentando los socios Coparmex de Centros Empresariales ante la epidemia del Coronavirus e identificar las mejores prácticas para hacerles frente. ',1,0,'http://bit.ly/2Ukrlz4','2020-05-12',0,'2020-05-06','','\0','\0','Coparmex se mejora cada día.\r\n\r\nEl objetivo de este sondeo es conocer las problemáticas que están enfrentando los socios Coparmex de Centros Empresariales ante la epidemia del Coronavirus e identificar las mejores prácticas para hacerles frente. \r\n\r\nEsta es el tercer levantamiento de información.','https://forms.gle/naVYpGSPPHruwStf8 ','¿Te gustaría compartir tu historia? Participa en nuestra edición especial de dices y comparte las medidas que estás implementando en tu centro de trabajo para hacer frente al covid-19.Para más detalles, haz click aquí:'),(80,'Pulso Semanal Coparmex (3er levantamiento)','El objetivo de este sondeo es conocer las problemáticas que están enfrentando los socios Coparmex de Centros Empresariales ante la epidemia del Coronavirus e identificar las mejores prácticas para hacerles frente. ',0,1,'http://bit.ly/2Ukrlz4','2020-05-23',1,'2020-05-06','','','','Coparmex se mejora cada día.\r\n\r\nEl objetivo de este sondeo es conocer las problemáticas que están enfrentando los socios Coparmex de Centros Empresariales ante la epidemia del Coronavirus e identificar las mejores prácticas para hacerles frente. \r\n\r\nEsta es el tercer levantamiento de información.','https://forms.gle/naVYpGSPPHruwStf8 *','¿Te gustaría compartir tu historia? Participa en nuestra edición especial de dices y comparte las medidas que estás implementando en tu centro de trabajo para hacer frente al covid-19.Para más detalles, haz click en el siguiente link:');
/*!40000 ALTER TABLE `iplan_cuestionarios` ENABLE KEYS */;
UNLOCK TABLES;

--
-- Table structure for table `iplan_entidades`
--

DROP TABLE IF EXISTS `iplan_entidades`;
/*!40101 SET @saved_cs_client     = @@character_set_client */;
/*!40101 SET character_set_client = utf8 */;
CREATE TABLE `iplan_entidades` (
  `entidadid` int(10) NOT NULL AUTO_INCREMENT,
  `entidad` varchar(255) NOT NULL,
  `abreviatura` varchar(255) NOT NULL,
  `activo` tinyint(1) DEFAULT '1',
  PRIMARY KEY (`entidadid`)
) ENGINE=InnoDB AUTO_INCREMENT=100 DEFAULT CHARSET=utf8 ROW_FORMAT=DYNAMIC;
/*!40101 SET character_set_client = @saved_cs_client */;

--
-- Dumping data for table `iplan_entidades`
--

LOCK TABLES `iplan_entidades` WRITE;
/*!40000 ALTER TABLE `iplan_entidades` DISABLE KEYS */;
INSERT INTO `iplan_entidades` VALUES (1,'Aguascalientes','Ags.',1),(2,'Baja California','BC',1),(3,'Baja California Sur','BCS',1),(4,'Campeche','Camp.',1),(5,'Coahuila de Zaragoza','Coah.',1),(6,'Colima','Col.',1),(7,'Chiapas','Chis.',1),(8,'Chihuahua','Chih.',1),(9,'Distrito Federal','DF',1),(10,'Durango','Dgo.',1),(11,'Guanajuato','Gto.',1),(12,'Guerrero','Gro.',1),(13,'Hidalgo','Hgo.',1),(14,'Jalisco','Jal.',1),(15,'México','Mex.',1),(16,'Michoacán de Ocampo','Mich.',1),(17,'Morelos','Mor.',1),(18,'Nayarit','Nay.',1),(19,'Nuevo León','NL',1),(20,'Oaxaca','Oax.',1),(21,'Puebla','Pue.',1),(22,'Querétaro','Qro.',1),(23,'Quintana Roo','Q. Roo',1),(24,'San Luis Potosí','SLP',1),(25,'Sinaloa','Sin.',1),(26,'Sonora','Son.',1),(27,'Tabasco','Tab.',1),(28,'Tamaulipas','Tamps.',1),(29,'Tlaxcala','Tlax.',1),(30,'Veracruz de Ignacio de la Llave','Ver.',1),(31,'Yucatán','Yuc.',1),(32,'Zacatecas','Zac.',1),(99,'Extranjero','Extra.',1);
/*!40000 ALTER TABLE `iplan_entidades` ENABLE KEYS */;
UNLOCK TABLES;

--
-- Table structure for table `iplan_filtro_centros`
--

DROP TABLE IF EXISTS `iplan_filtro_centros`;
/*!40101 SET @saved_cs_client     = @@character_set_client */;
/*!40101 SET character_set_client = utf8 */;
CREATE TABLE `iplan_filtro_centros` (
  `iIdCentro` int(11) NOT NULL,
  `iIdCuestionario` int(11) NOT NULL
) ENGINE=MyISAM DEFAULT CHARSET=latin1;
/*!40101 SET character_set_client = @saved_cs_client */;

--
-- Dumping data for table `iplan_filtro_centros`
--

LOCK TABLES `iplan_filtro_centros` WRITE;
/*!40000 ALTER TABLE `iplan_filtro_centros` DISABLE KEYS */;
INSERT INTO `iplan_filtro_centros` VALUES (1,64),(64,65),(1,66),(1,67),(0,68),(0,70),(1,72),(4,73),(3,74),(10,75),(1,76),(0,77),(0,78),(1,79),(0,80);
/*!40000 ALTER TABLE `iplan_filtro_centros` ENABLE KEYS */;
UNLOCK TABLES;

--
-- Table structure for table `iplan_filtro_zonas`
--

DROP TABLE IF EXISTS `iplan_filtro_zonas`;
/*!40101 SET @saved_cs_client     = @@character_set_client */;
/*!40101 SET character_set_client = utf8 */;
CREATE TABLE `iplan_filtro_zonas` (
  `iIdCategoria` int(11) NOT NULL,
  `iIdCuestionario` int(11) NOT NULL
) ENGINE=MyISAM DEFAULT CHARSET=latin1;
/*!40101 SET character_set_client = @saved_cs_client */;

--
-- Dumping data for table `iplan_filtro_zonas`
--

LOCK TABLES `iplan_filtro_zonas` WRITE;
/*!40000 ALTER TABLE `iplan_filtro_zonas` DISABLE KEYS */;
INSERT INTO `iplan_filtro_zonas` VALUES (0,64),(2,65),(0,66),(0,67),(0,68),(0,70),(0,72),(2,73),(1,74),(19,75),(0,76),(0,77),(0,78),(0,79),(0,80);
/*!40000 ALTER TABLE `iplan_filtro_zonas` ENABLE KEYS */;
UNLOCK TABLES;

--
-- Table structure for table `iplan_localidades`
--

DROP TABLE IF EXISTS `iplan_localidades`;
/*!40101 SET @saved_cs_client     = @@character_set_client */;
/*!40101 SET character_set_client = utf8 */;
CREATE TABLE `iplan_localidades` (
  `id` int(11) NOT NULL AUTO_INCREMENT,
  `municipio_id` int(11) NOT NULL COMMENT 'Relación con municipios',
  `clave` varchar(4) NOT NULL,
  `nombre` varchar(110) NOT NULL,
  `latitud` varchar(6) NOT NULL,
  `longitud` varchar(7) NOT NULL,
  `altitud` varchar(4) NOT NULL,
  PRIMARY KEY (`id`),
  KEY `municipio_id` (`municipio_id`)
) ENGINE=MyISAM AUTO_INCREMENT=299639 DEFAULT CHARSET=utf8 COMMENT='Tabla de Localidades de la Republica Mexicana';
/*!40101 SET character_set_client = @saved_cs_client */;

--
-- Dumping data for table `iplan_localidades`
--

LOCK TABLES `iplan_localidades` WRITE;
/*!40000 ALTER TABLE `iplan_localidades` DISABLE KEYS */;
/*!40000 ALTER TABLE `iplan_localidades` ENABLE KEYS */;
UNLOCK TABLES;

--
-- Table structure for table `iplan_municipios`
--

DROP TABLE IF EXISTS `iplan_municipios`;
/*!40101 SET @saved_cs_client     = @@character_set_client */;
/*!40101 SET character_set_client = utf8 */;
CREATE TABLE `iplan_municipios` (
  `id` int(11) NOT NULL AUTO_INCREMENT,
  `estado_id` int(11) NOT NULL COMMENT 'Relación con estados',
  `clave` varchar(3) NOT NULL,
  `nombre` varchar(50) NOT NULL,
  `sigla` varchar(4) NOT NULL,
  PRIMARY KEY (`id`),
  KEY `estado_id` (`estado_id`)
) ENGINE=MyISAM AUTO_INCREMENT=2493 DEFAULT CHARSET=utf8 COMMENT='Tabla de Municipios de la Republica Mexicana';
/*!40101 SET character_set_client = @saved_cs_client */;

--
-- Dumping data for table `iplan_municipios`
--

LOCK TABLES `iplan_municipios` WRITE;
/*!40000 ALTER TABLE `iplan_municipios` DISABLE KEYS */;
INSERT INTO `iplan_municipios` VALUES (1,1,'001','Aguascalientes',''),(2,1,'002','Asientos',''),(3,1,'003','Calvillo',''),(4,1,'004','Cosío',''),(5,1,'005','Jesús María',''),(6,1,'006','Pabellón de Arteaga',''),(7,1,'007','Rincón de Romos',''),(8,1,'008','San José de Gracia',''),(9,1,'009','Tepezalá',''),(10,1,'010','El Llano',''),(11,1,'011','San Francisco de los Romo',''),(12,2,'001','Ensenada',''),(13,2,'002','Mexicali',''),(14,2,'003','Tecate',''),(15,2,'004','Tijuana',''),(16,2,'005','Playas de Rosarito',''),(17,3,'001','Comondú',''),(18,3,'002','Mulegé',''),(19,3,'003','La Paz',''),(20,3,'008','Los Cabos',''),(21,3,'009','Loreto',''),(22,4,'001','Calkiní',''),(23,4,'002','Campeche',''),(24,4,'003','Carmen',''),(25,4,'004','Champotón',''),(26,4,'005','Hecelchakán',''),(27,4,'006','Hopelchén',''),(28,4,'007','Palizada',''),(29,4,'008','Tenabo',''),(30,4,'009','Escárcega',''),(31,4,'010','Calakmul',''),(32,4,'011','Candelaria',''),(33,5,'001','Abasolo',''),(34,5,'002','Acuña',''),(35,5,'003','Allende',''),(36,5,'004','Arteaga',''),(37,5,'005','Candela',''),(38,5,'006','Castaños',''),(39,5,'007','Cuatro Ciénegas',''),(40,5,'008','Escobedo',''),(41,5,'009','Francisco I. Madero',''),(42,5,'010','Frontera',''),(43,5,'011','General Cepeda',''),(44,5,'012','Guerrero',''),(45,5,'013','Hidalgo',''),(46,5,'014','Jiménez',''),(47,5,'015','Juárez',''),(48,5,'016','Lamadrid',''),(49,5,'017','Matamoros',''),(50,5,'018','Monclova',''),(51,5,'019','Morelos',''),(52,5,'020','Múzquiz',''),(53,5,'021','Nadadores',''),(54,5,'022','Nava',''),(55,5,'023','Ocampo',''),(56,5,'024','Parras',''),(57,5,'025','Piedras Negras',''),(58,5,'026','Progreso',''),(59,5,'027','Ramos Arizpe',''),(60,5,'028','Sabinas',''),(61,5,'029','Sacramento',''),(62,5,'030','Saltillo',''),(63,5,'031','San Buenaventura',''),(64,5,'032','San Juan de Sabinas',''),(65,5,'033','San Pedro',''),(66,5,'034','Sierra Mojada',''),(67,5,'035','Torreón',''),(68,5,'036','Viesca',''),(69,5,'037','Villa Unión',''),(70,5,'038','Zaragoza',''),(71,6,'001','Armería',''),(72,6,'002','Colima',''),(73,6,'003','Comala',''),(74,6,'004','Coquimatlán',''),(75,6,'005','Cuauhtémoc',''),(76,6,'006','Ixtlahuacán',''),(77,6,'007','Manzanillo',''),(78,6,'008','Minatitlán',''),(79,6,'009','Tecomán',''),(80,6,'010','Villa de Álvarez',''),(81,7,'001','Acacoyagua',''),(82,7,'002','Acala',''),(83,7,'003','Acapetahua',''),(84,7,'004','Altamirano',''),(85,7,'005','Amatán',''),(86,7,'006','Amatenango de la Frontera',''),(87,7,'007','Amatenango del Valle',''),(88,7,'008','Angel Albino Corzo',''),(89,7,'009','Arriaga',''),(90,7,'010','Bejucal de Ocampo',''),(91,7,'011','Bella Vista',''),(92,7,'012','Berriozábal',''),(93,7,'013','Bochil',''),(94,7,'014','El Bosque',''),(95,7,'015','Cacahoatán',''),(96,7,'016','Catazajá',''),(97,7,'017','Cintalapa',''),(98,7,'018','Coapilla',''),(99,7,'019','Comitán de Domínguez',''),(100,7,'020','La Concordia',''),(101,7,'021','Copainalá',''),(102,7,'022','Chalchihuitán',''),(103,7,'023','Chamula',''),(104,7,'024','Chanal',''),(105,7,'025','Chapultenango',''),(106,7,'026','Chenalhó',''),(107,7,'027','Chiapa de Corzo',''),(108,7,'028','Chiapilla',''),(109,7,'029','Chicoasén',''),(110,7,'030','Chicomuselo',''),(111,7,'031','Chilón',''),(112,7,'032','Escuintla',''),(113,7,'033','Francisco León',''),(114,7,'034','Frontera Comalapa',''),(115,7,'035','Frontera Hidalgo',''),(116,7,'036','La Grandeza',''),(117,7,'037','Huehuetán',''),(118,7,'038','Huixtán',''),(119,7,'039','Huitiupán',''),(120,7,'040','Huixtla',''),(121,7,'041','La Independencia',''),(122,7,'042','Ixhuatán',''),(123,7,'043','Ixtacomitán',''),(124,7,'044','Ixtapa',''),(125,7,'045','Ixtapangajoya',''),(126,7,'046','Jiquipilas',''),(127,7,'047','Jitotol',''),(128,7,'048','Juárez',''),(129,7,'049','Larráinzar',''),(130,7,'050','La Libertad',''),(131,7,'051','Mapastepec',''),(132,7,'052','Las Margaritas',''),(133,7,'053','Mazapa de Madero',''),(134,7,'054','Mazatán',''),(135,7,'055','Metapa',''),(136,7,'056','Mitontic',''),(137,7,'057','Motozintla',''),(138,7,'058','Nicolás Ruíz',''),(139,7,'059','Ocosingo',''),(140,7,'060','Ocotepec',''),(141,7,'061','Ocozocoautla de Espinosa',''),(142,7,'062','Ostuacán',''),(143,7,'063','Osumacinta',''),(144,7,'064','Oxchuc',''),(145,7,'065','Palenque',''),(146,7,'066','Pantelhó',''),(147,7,'067','Pantepec',''),(148,7,'068','Pichucalco',''),(149,7,'069','Pijijiapan',''),(150,7,'070','El Porvenir',''),(151,7,'071','Villa Comaltitlán',''),(152,7,'072','Pueblo Nuevo Solistahuacán',''),(153,7,'073','Rayón',''),(154,7,'074','Reforma',''),(155,7,'075','Las Rosas',''),(156,7,'076','Sabanilla',''),(157,7,'077','Salto de Agua',''),(158,7,'078','San Cristóbal de las Casas',''),(159,7,'079','San Fernando',''),(160,7,'080','Siltepec',''),(161,7,'081','Simojovel',''),(162,7,'082','Sitalá',''),(163,7,'083','Socoltenango',''),(164,7,'084','Solosuchiapa',''),(165,7,'085','Soyaló',''),(166,7,'086','Suchiapa',''),(167,7,'087','Suchiate',''),(168,7,'088','Sunuapa',''),(169,7,'089','Tapachula',''),(170,7,'090','Tapalapa',''),(171,7,'091','Tapilula',''),(172,7,'092','Tecpatán',''),(173,7,'093','Tenejapa',''),(174,7,'094','Teopisca',''),(175,7,'096','Tila',''),(176,7,'097','Tonalá',''),(177,7,'098','Totolapa',''),(178,7,'099','La Trinitaria',''),(179,7,'100','Tumbalá',''),(180,7,'101','Tuxtla Gutiérrez',''),(181,7,'102','Tuxtla Chico',''),(182,7,'103','Tuzantán',''),(183,7,'104','Tzimol',''),(184,7,'105','Unión Juárez',''),(185,7,'106','Venustiano Carranza',''),(186,7,'107','Villa Corzo',''),(187,7,'108','Villaflores',''),(188,7,'109','Yajalón',''),(189,7,'110','San Lucas',''),(190,7,'111','Zinacantán',''),(191,7,'112','San Juan Cancuc',''),(192,7,'113','Aldama',''),(193,7,'114','Benemérito de las Américas',''),(194,7,'115','Maravilla Tenejapa',''),(195,7,'116','Marqués de Comillas',''),(196,7,'117','Montecristo de Guerrero',''),(197,7,'118','San Andrés Duraznal',''),(198,7,'119','Santiago el Pinar',''),(199,8,'001','Ahumada',''),(200,8,'002','Aldama',''),(201,8,'003','Allende',''),(202,8,'004','Aquiles Serdán',''),(203,8,'005','Ascensión',''),(204,8,'006','Bachíniva',''),(205,8,'007','Balleza',''),(206,8,'008','Batopilas',''),(207,8,'009','Bocoyna',''),(208,8,'010','Buenaventura',''),(209,8,'011','Camargo',''),(210,8,'012','Carichí',''),(211,8,'013','Casas Grandes',''),(212,8,'014','Coronado',''),(213,8,'015','Coyame del Sotol',''),(214,8,'016','La Cruz',''),(215,8,'017','Cuauhtémoc',''),(216,8,'018','Cusihuiriachi',''),(217,8,'019','Chihuahua',''),(218,8,'020','Chínipas',''),(219,8,'021','Delicias',''),(220,8,'022','Dr. Belisario Domínguez',''),(221,8,'023','Galeana',''),(222,8,'024','Santa Isabel',''),(223,8,'025','Gómez Farías',''),(224,8,'026','Gran Morelos',''),(225,8,'027','Guachochi',''),(226,8,'028','Guadalupe',''),(227,8,'029','Guadalupe y Calvo',''),(228,8,'030','Guazapares',''),(229,8,'031','Guerrero',''),(230,8,'032','Hidalgo del Parral',''),(231,8,'033','Huejotitán',''),(232,8,'034','Ignacio Zaragoza',''),(233,8,'035','Janos',''),(234,8,'036','Jiménez',''),(235,8,'037','Juárez',''),(236,8,'038','Julimes',''),(237,8,'039','López',''),(238,8,'040','Madera',''),(239,8,'041','Maguarichi',''),(240,8,'042','Manuel Benavides',''),(241,8,'043','Matachí',''),(242,8,'044','Matamoros',''),(243,8,'045','Meoqui',''),(244,8,'046','Morelos',''),(245,8,'047','Moris',''),(246,8,'048','Namiquipa',''),(247,8,'049','Nonoava',''),(248,8,'050','Nuevo Casas Grandes',''),(249,8,'051','Ocampo',''),(250,8,'052','Ojinaga',''),(251,8,'053','Praxedis G. Guerrero',''),(252,8,'054','Riva Palacio',''),(253,8,'055','Rosales',''),(254,8,'056','Rosario',''),(255,8,'057','San Francisco de Borja',''),(256,8,'058','San Francisco de Conchos',''),(257,8,'059','San Francisco del Oro',''),(258,8,'060','Santa Bárbara',''),(259,8,'061','Satevó',''),(260,8,'062','Saucillo',''),(261,8,'063','Temósachic',''),(262,8,'064','El Tule',''),(263,8,'065','Urique',''),(264,8,'066','Uruachi',''),(265,8,'067','Valle de Zaragoza',''),(266,9,'002','Azcapotzalco',''),(267,9,'003','Coyoacán',''),(268,9,'004','Cuajimalpa de Morelos',''),(269,9,'005','Gustavo A. Madero',''),(270,9,'006','Iztacalco',''),(271,9,'007','Iztapalapa',''),(272,9,'008','La Magdalena Contreras',''),(273,9,'009','Milpa Alta',''),(274,9,'010','Álvaro Obregón',''),(275,9,'011','Tláhuac',''),(276,9,'012','Tlalpan',''),(277,9,'013','Xochimilco',''),(278,9,'014','Benito Juárez',''),(279,9,'015','Cuauhtémoc',''),(280,9,'016','Miguel Hidalgo',''),(281,9,'017','Venustiano Carranza',''),(282,10,'001','Canatlán',''),(283,10,'002','Canelas',''),(284,10,'003','Coneto de Comonfort',''),(285,10,'004','Cuencamé',''),(286,10,'005','Durango',''),(287,10,'006','General Simón Bolívar',''),(288,10,'007','Gómez Palacio',''),(289,10,'008','Guadalupe Victoria',''),(290,10,'009','Guanaceví',''),(291,10,'010','Hidalgo',''),(292,10,'011','Indé',''),(293,10,'012','Lerdo',''),(294,10,'013','Mapimí',''),(295,10,'014','Mezquital',''),(296,10,'015','Nazas',''),(297,10,'016','Nombre de Dios',''),(298,10,'017','Ocampo',''),(299,10,'018','El Oro',''),(300,10,'019','Otáez',''),(301,10,'020','Pánuco de Coronado',''),(302,10,'021','Peñón Blanco',''),(303,10,'022','Poanas',''),(304,10,'023','Pueblo Nuevo',''),(305,10,'024','Rodeo',''),(306,10,'025','San Bernardo',''),(307,10,'026','San Dimas',''),(308,10,'027','San Juan de Guadalupe',''),(309,10,'028','San Juan del Río',''),(310,10,'029','San Luis del Cordero',''),(311,10,'030','San Pedro del Gallo',''),(312,10,'031','Santa Clara',''),(313,10,'032','Santiago Papasquiaro',''),(314,10,'033','Súchil',''),(315,10,'034','Tamazula',''),(316,10,'035','Tepehuanes',''),(317,10,'036','Tlahualilo',''),(318,10,'037','Topia',''),(319,10,'038','Vicente Guerrero',''),(320,10,'039','Nuevo Ideal',''),(321,11,'001','Abasolo',''),(322,11,'002','Acámbaro',''),(323,11,'003','San Miguel de Allende',''),(324,11,'004','Apaseo el Alto',''),(325,11,'005','Apaseo el Grande',''),(326,11,'006','Atarjea',''),(327,11,'007','Celaya',''),(328,11,'008','Manuel Doblado',''),(329,11,'009','Comonfort',''),(330,11,'010','Coroneo',''),(331,11,'011','Cortazar',''),(332,11,'012','Cuerámaro',''),(333,11,'013','Doctor Mora',''),(334,11,'014','Dolores Hidalgo Cuna de la Independencia Nacional',''),(335,11,'015','Guanajuato',''),(336,11,'016','Huanímaro',''),(337,11,'017','Irapuato',''),(338,11,'018','Jaral del Progreso',''),(339,11,'019','Jerécuaro',''),(340,11,'020','León',''),(341,11,'021','Moroleón',''),(342,11,'022','Ocampo',''),(343,11,'023','Pénjamo',''),(344,11,'024','Pueblo Nuevo',''),(345,11,'025','Purísima del Rincón',''),(346,11,'026','Romita',''),(347,11,'027','Salamanca',''),(348,11,'028','Salvatierra',''),(349,11,'029','San Diego de la Unión',''),(350,11,'030','San Felipe',''),(351,11,'031','San Francisco del Rincón',''),(352,11,'032','San José Iturbide',''),(353,11,'033','San Luis de la Paz',''),(354,11,'034','Santa Catarina',''),(355,11,'035','Santa Cruz de Juventino Rosas',''),(356,11,'036','Santiago Maravatío',''),(357,11,'037','Silao',''),(358,11,'038','Tarandacuao',''),(359,11,'039','Tarimoro',''),(360,11,'040','Tierra Blanca',''),(361,11,'041','Uriangato',''),(362,11,'042','Valle de Santiago',''),(363,11,'043','Victoria',''),(364,11,'044','Villagrán',''),(365,11,'045','Xichú',''),(366,11,'046','Yuriria',''),(367,12,'001','Acapulco de Juárez',''),(368,12,'002','Ahuacuotzingo',''),(369,12,'003','Ajuchitlán del Progreso',''),(370,12,'004','Alcozauca de Guerrero',''),(371,12,'005','Alpoyeca',''),(372,12,'006','Apaxtla',''),(373,12,'007','Arcelia',''),(374,12,'008','Atenango del Río',''),(375,12,'009','Atlamajalcingo del Monte',''),(376,12,'010','Atlixtac',''),(377,12,'011','Atoyac de Álvarez',''),(378,12,'012','Ayutla de los Libres',''),(379,12,'013','Azoyú',''),(380,12,'014','Benito Juárez',''),(381,12,'015','Buenavista de Cuéllar',''),(382,12,'016','Coahuayutla de José María Izazaga',''),(383,12,'017','Cocula',''),(384,12,'018','Copala',''),(385,12,'019','Copalillo',''),(386,12,'020','Copanatoyac',''),(387,12,'021','Coyuca de Benítez',''),(388,12,'022','Coyuca de Catalán',''),(389,12,'023','Cuajinicuilapa',''),(390,12,'024','Cualác',''),(391,12,'025','Cuautepec',''),(392,12,'026','Cuetzala del Progreso',''),(393,12,'027','Cutzamala de Pinzón',''),(394,12,'028','Chilapa de Álvarez',''),(395,12,'029','Chilpancingo de los Bravo',''),(396,12,'030','Florencio Villarreal',''),(397,12,'031','General Canuto A. Neri',''),(398,12,'032','General Heliodoro Castillo',''),(399,12,'033','Huamuxtitlán',''),(400,12,'034','Huitzuco de los Figueroa',''),(401,12,'035','Iguala de la Independencia',''),(402,12,'036','Igualapa',''),(403,12,'037','Ixcateopan de Cuauhtémoc',''),(404,12,'038','Zihuatanejo de Azueta',''),(405,12,'039','Juan R. Escudero',''),(406,12,'040','Leonardo Bravo',''),(407,12,'041','Malinaltepec',''),(408,12,'042','Mártir de Cuilapan',''),(409,12,'043','Metlatónoc',''),(410,12,'044','Mochitlán',''),(411,12,'045','Olinalá',''),(412,12,'046','Ometepec',''),(413,12,'047','Pedro Ascencio Alquisiras',''),(414,12,'048','Petatlán',''),(415,12,'049','Pilcaya',''),(416,12,'050','Pungarabato',''),(417,12,'051','Quechultenango',''),(418,12,'052','San Luis Acatlán',''),(419,12,'053','San Marcos',''),(420,12,'054','San Miguel Totolapan',''),(421,12,'055','Taxco de Alarcón',''),(422,12,'056','Tecoanapa',''),(423,12,'057','Técpan de Galeana',''),(424,12,'058','Teloloapan',''),(425,12,'059','Tepecoacuilco de Trujano',''),(426,12,'060','Tetipac',''),(427,12,'061','Tixtla de Guerrero',''),(428,12,'062','Tlacoachistlahuaca',''),(429,12,'063','Tlacoapa',''),(430,12,'064','Tlalchapa',''),(431,12,'065','Tlalixtaquilla de Maldonado',''),(432,12,'066','Tlapa de Comonfort',''),(433,12,'067','Tlapehuala',''),(434,12,'068','La Unión de Isidoro Montes de Oca',''),(435,12,'069','Xalpatláhuac',''),(436,12,'070','Xochihuehuetlán',''),(437,12,'071','Xochistlahuaca',''),(438,12,'072','Zapotitlán Tablas',''),(439,12,'073','Zirándaro',''),(440,12,'074','Zitlala',''),(441,12,'075','Eduardo Neri',''),(442,12,'076','Acatepec',''),(443,12,'077','Marquelia',''),(444,12,'078','Cochoapa el Grande',''),(445,12,'079','José Joaquín de Herrera',''),(446,12,'080','Juchitán',''),(447,12,'081','Iliatenco',''),(448,13,'001','Acatlán',''),(449,13,'002','Acaxochitlán',''),(450,13,'003','Actopan',''),(451,13,'004','Agua Blanca de Iturbide',''),(452,13,'005','Ajacuba',''),(453,13,'006','Alfajayucan',''),(454,13,'007','Almoloya',''),(455,13,'008','Apan',''),(456,13,'009','El Arenal',''),(457,13,'010','Atitalaquia',''),(458,13,'011','Atlapexco',''),(459,13,'012','Atotonilco el Grande',''),(460,13,'013','Atotonilco de Tula',''),(461,13,'014','Calnali',''),(462,13,'015','Cardonal',''),(463,13,'016','Cuautepec de Hinojosa',''),(464,13,'017','Chapantongo',''),(465,13,'018','Chapulhuacán',''),(466,13,'019','Chilcuautla',''),(467,13,'020','Eloxochitlán',''),(468,13,'021','Emiliano Zapata',''),(469,13,'022','Epazoyucan',''),(470,13,'023','Francisco I. Madero',''),(471,13,'024','Huasca de Ocampo',''),(472,13,'025','Huautla',''),(473,13,'026','Huazalingo',''),(474,13,'027','Huehuetla',''),(475,13,'028','Huejutla de Reyes',''),(476,13,'029','Huichapan',''),(477,13,'030','Ixmiquilpan',''),(478,13,'031','Jacala de Ledezma',''),(479,13,'032','Jaltocán',''),(480,13,'033','Juárez Hidalgo',''),(481,13,'034','Lolotla',''),(482,13,'035','Metepec',''),(483,13,'036','San Agustín Metzquititlán',''),(484,13,'037','Metztitlán',''),(485,13,'038','Mineral del Chico',''),(486,13,'039','Mineral del Monte',''),(487,13,'040','La Misión',''),(488,13,'041','Mixquiahuala de Juárez',''),(489,13,'042','Molango de Escamilla',''),(490,13,'043','Nicolás Flores',''),(491,13,'044','Nopala de Villagrán',''),(492,13,'045','Omitlán de Juárez',''),(493,13,'046','San Felipe Orizatlán',''),(494,13,'047','Pacula',''),(495,13,'048','Pachuca de Soto',''),(496,13,'049','Pisaflores',''),(497,13,'050','Progreso de Obregón',''),(498,13,'051','Mineral de la Reforma',''),(499,13,'052','San Agustín Tlaxiaca',''),(500,13,'053','San Bartolo Tutotepec',''),(501,13,'054','San Salvador',''),(502,13,'055','Santiago de Anaya',''),(503,13,'056','Santiago Tulantepec de Lugo Guerrero',''),(504,13,'057','Singuilucan',''),(505,13,'058','Tasquillo',''),(506,13,'059','Tecozautla',''),(507,13,'060','Tenango de Doria',''),(508,13,'061','Tepeapulco',''),(509,13,'062','Tepehuacán de Guerrero',''),(510,13,'063','Tepeji del Río de Ocampo',''),(511,13,'064','Tepetitlán',''),(512,13,'065','Tetepango',''),(513,13,'066','Villa de Tezontepec',''),(514,13,'067','Tezontepec de Aldama',''),(515,13,'068','Tianguistengo',''),(516,13,'069','Tizayuca',''),(517,13,'070','Tlahuelilpan',''),(518,13,'071','Tlahuiltepa',''),(519,13,'072','Tlanalapa',''),(520,13,'073','Tlanchinol',''),(521,13,'074','Tlaxcoapan',''),(522,13,'075','Tolcayuca',''),(523,13,'076','Tula de Allende',''),(524,13,'077','Tulancingo de Bravo',''),(525,13,'078','Xochiatipan',''),(526,13,'079','Xochicoatlán',''),(527,13,'080','Yahualica',''),(528,13,'081','Zacualtipán de Ángeles',''),(529,13,'082','Zapotlán de Juárez',''),(530,13,'083','Zempoala',''),(531,13,'084','Zimapán',''),(532,14,'001','Acatic',''),(533,14,'002','Acatlán de Juárez',''),(534,14,'003','Ahualulco de Mercado',''),(535,14,'004','Amacueca',''),(536,14,'005','Amatitán',''),(537,14,'006','Ameca',''),(538,14,'007','San Juanito de Escobedo',''),(539,14,'008','Arandas',''),(540,14,'009','El Arenal',''),(541,14,'010','Atemajac de Brizuela',''),(542,14,'011','Atengo',''),(543,14,'012','Atenguillo',''),(544,14,'013','Atotonilco el Alto',''),(545,14,'014','Atoyac',''),(546,14,'015','Autlán de Navarro',''),(547,14,'016','Ayotlán',''),(548,14,'017','Ayutla',''),(549,14,'018','La Barca',''),(550,14,'019','Bolaños',''),(551,14,'020','Cabo Corrientes',''),(552,14,'021','Casimiro Castillo',''),(553,14,'022','Cihuatlán',''),(554,14,'023','Zapotlán el Grande',''),(555,14,'024','Cocula',''),(556,14,'025','Colotlán',''),(557,14,'026','Concepción de Buenos Aires',''),(558,14,'027','Cuautitlán de García Barragán',''),(559,14,'028','Cuautla',''),(560,14,'029','Cuquío',''),(561,14,'030','Chapala',''),(562,14,'031','Chimaltitán',''),(563,14,'032','Chiquilistlán',''),(564,14,'033','Degollado',''),(565,14,'034','Ejutla',''),(566,14,'035','Encarnación de Díaz',''),(567,14,'036','Etzatlán',''),(568,14,'037','El Grullo',''),(569,14,'038','Guachinango',''),(570,14,'039','Guadalajara',''),(571,14,'040','Hostotipaquillo',''),(572,14,'041','Huejúcar',''),(573,14,'042','Huejuquilla el Alto',''),(574,14,'043','La Huerta',''),(575,14,'044','Ixtlahuacán de los Membrillos',''),(576,14,'045','Ixtlahuacán del Río',''),(577,14,'046','Jalostotitlán',''),(578,14,'047','Jamay',''),(579,14,'048','Jesús María',''),(580,14,'049','Jilotlán de los Dolores',''),(581,14,'050','Jocotepec',''),(582,14,'051','Juanacatlán',''),(583,14,'052','Juchitlán',''),(584,14,'053','Lagos de Moreno',''),(585,14,'054','El Limón',''),(586,14,'055','Magdalena',''),(587,14,'056','Santa María del Oro',''),(588,14,'057','La Manzanilla de la Paz',''),(589,14,'058','Mascota',''),(590,14,'059','Mazamitla',''),(591,14,'060','Mexticacán',''),(592,14,'061','Mezquitic',''),(593,14,'062','Mixtlán',''),(594,14,'063','Ocotlán',''),(595,14,'064','Ojuelos de Jalisco',''),(596,14,'065','Pihuamo',''),(597,14,'066','Poncitlán',''),(598,14,'067','Puerto Vallarta',''),(599,14,'068','Villa Purificación',''),(600,14,'069','Quitupan',''),(601,14,'070','El Salto',''),(602,14,'071','San Cristóbal de la Barranca',''),(603,14,'072','San Diego de Alejandría',''),(604,14,'073','San Juan de los Lagos',''),(605,14,'074','San Julián',''),(606,14,'075','San Marcos',''),(607,14,'076','San Martín de Bolaños',''),(608,14,'077','San Martín Hidalgo',''),(609,14,'078','San Miguel el Alto',''),(610,14,'079','Gómez Farías',''),(611,14,'080','San Sebastián del Oeste',''),(612,14,'081','Santa María de los Ángeles',''),(613,14,'082','Sayula',''),(614,14,'083','Tala',''),(615,14,'084','Talpa de Allende',''),(616,14,'085','Tamazula de Gordiano',''),(617,14,'086','Tapalpa',''),(618,14,'087','Tecalitlán',''),(619,14,'088','Tecolotlán',''),(620,14,'089','Techaluta de Montenegro',''),(621,14,'090','Tenamaxtlán',''),(622,14,'091','Teocaltiche',''),(623,14,'092','Teocuitatlán de Corona',''),(624,14,'093','Tepatitlán de Morelos',''),(625,14,'094','Tequila',''),(626,14,'095','Teuchitlán',''),(627,14,'096','Tizapán el Alto',''),(628,14,'097','Tlajomulco de Zúñiga',''),(629,14,'098','San Pedro Tlaquepaque',''),(630,14,'099','Tolimán',''),(631,14,'100','Tomatlán',''),(632,14,'101','Tonalá',''),(633,14,'102','Tonaya',''),(634,14,'103','Tonila',''),(635,14,'104','Totatiche',''),(636,14,'105','Tototlán',''),(637,14,'106','Tuxcacuesco',''),(638,14,'107','Tuxcueca',''),(639,14,'108','Tuxpan',''),(640,14,'109','Unión de San Antonio',''),(641,14,'110','Unión de Tula',''),(642,14,'111','Valle de Guadalupe',''),(643,14,'112','Valle de Juárez',''),(644,14,'113','San Gabriel',''),(645,14,'114','Villa Corona',''),(646,14,'115','Villa Guerrero',''),(647,14,'116','Villa Hidalgo',''),(648,14,'117','Cañadas de Obregón',''),(649,14,'118','Yahualica de González Gallo',''),(650,14,'119','Zacoalco de Torres',''),(651,14,'120','Zapopan',''),(652,14,'121','Zapotiltic',''),(653,14,'122','Zapotitlán de Vadillo',''),(654,14,'123','Zapotlán del Rey',''),(655,14,'124','Zapotlanejo',''),(656,14,'125','San Ignacio Cerro Gordo',''),(657,15,'001','Acambay',''),(658,15,'002','Acolman',''),(659,15,'003','Aculco',''),(660,15,'004','Almoloya de Alquisiras',''),(661,15,'005','Almoloya de Juárez',''),(662,15,'006','Almoloya del Río',''),(663,15,'007','Amanalco',''),(664,15,'008','Amatepec',''),(665,15,'009','Amecameca',''),(666,15,'010','Apaxco',''),(667,15,'011','Atenco',''),(668,15,'012','Atizapán',''),(669,15,'013','Atizapán de Zaragoza',''),(670,15,'014','Atlacomulco',''),(671,15,'015','Atlautla',''),(672,15,'016','Axapusco',''),(673,15,'017','Ayapango',''),(674,15,'018','Calimaya',''),(675,15,'019','Capulhuac',''),(676,15,'020','Coacalco de Berriozábal',''),(677,15,'021','Coatepec Harinas',''),(678,15,'022','Cocotitlán',''),(679,15,'023','Coyotepec',''),(680,15,'024','Cuautitlán',''),(681,15,'025','Chalco',''),(682,15,'026','Chapa de Mota',''),(683,15,'027','Chapultepec',''),(684,15,'028','Chiautla',''),(685,15,'029','Chicoloapan',''),(686,15,'030','Chiconcuac',''),(687,15,'031','Chimalhuacán',''),(688,15,'032','Donato Guerra',''),(689,15,'033','Ecatepec de Morelos',''),(690,15,'034','Ecatzingo',''),(691,15,'035','Huehuetoca',''),(692,15,'036','Hueypoxtla',''),(693,15,'037','Huixquilucan',''),(694,15,'038','Isidro Fabela',''),(695,15,'039','Ixtapaluca',''),(696,15,'040','Ixtapan de la Sal',''),(697,15,'041','Ixtapan del Oro',''),(698,15,'042','Ixtlahuaca',''),(699,15,'043','Xalatlaco',''),(700,15,'044','Jaltenco',''),(701,15,'045','Jilotepec',''),(702,15,'046','Jilotzingo',''),(703,15,'047','Jiquipilco',''),(704,15,'048','Jocotitlán',''),(705,15,'049','Joquicingo',''),(706,15,'050','Juchitepec',''),(707,15,'051','Lerma',''),(708,15,'052','Malinalco',''),(709,15,'053','Melchor Ocampo',''),(710,15,'054','Metepec',''),(711,15,'055','Mexicaltzingo',''),(712,15,'056','Morelos',''),(713,15,'057','Naucalpan de Juárez',''),(714,15,'058','Nezahualcóyotl',''),(715,15,'059','Nextlalpan',''),(716,15,'060','Nicolás Romero',''),(717,15,'061','Nopaltepec',''),(718,15,'062','Ocoyoacac',''),(719,15,'063','Ocuilan',''),(720,15,'064','El Oro',''),(721,15,'065','Otumba',''),(722,15,'066','Otzoloapan',''),(723,15,'067','Otzolotepec',''),(724,15,'068','Ozumba',''),(725,15,'069','Papalotla',''),(726,15,'070','La Paz',''),(727,15,'071','Polotitlán',''),(728,15,'072','Rayón',''),(729,15,'073','San Antonio la Isla',''),(730,15,'074','San Felipe del Progreso',''),(731,15,'075','San Martín de las Pirámides',''),(732,15,'076','San Mateo Atenco',''),(733,15,'077','San Simón de Guerrero',''),(734,15,'078','Santo Tomás',''),(735,15,'079','Soyaniquilpan de Juárez',''),(736,15,'080','Sultepec',''),(737,15,'081','Tecámac',''),(738,15,'082','Tejupilco',''),(739,15,'083','Temamatla',''),(740,15,'084','Temascalapa',''),(741,15,'085','Temascalcingo',''),(742,15,'086','Temascaltepec',''),(743,15,'087','Temoaya',''),(744,15,'088','Tenancingo',''),(745,15,'089','Tenango del Aire',''),(746,15,'090','Tenango del Valle',''),(747,15,'091','Teoloyucan',''),(748,15,'092','Teotihuacán',''),(749,15,'093','Tepetlaoxtoc',''),(750,15,'094','Tepetlixpa',''),(751,15,'095','Tepotzotlán',''),(752,15,'096','Tequixquiac',''),(753,15,'097','Texcaltitlán',''),(754,15,'098','Texcalyacac',''),(755,15,'099','Texcoco',''),(756,15,'100','Tezoyuca',''),(757,15,'101','Tianguistenco',''),(758,15,'102','Timilpan',''),(759,15,'103','Tlalmanalco',''),(760,15,'104','Tlalnepantla de Baz',''),(761,15,'105','Tlatlaya',''),(762,15,'106','Toluca',''),(763,15,'107','Tonatico',''),(764,15,'108','Tultepec',''),(765,15,'109','Tultitlán',''),(766,15,'110','Valle de Bravo',''),(767,15,'111','Villa de Allende',''),(768,15,'112','Villa del Carbón',''),(769,15,'113','Villa Guerrero',''),(770,15,'114','Villa Victoria',''),(771,15,'115','Xonacatlán',''),(772,15,'116','Zacazonapan',''),(773,15,'117','Zacualpan',''),(774,15,'118','Zinacantepec',''),(775,15,'119','Zumpahuacán',''),(776,15,'120','Zumpango',''),(777,15,'121','Cuautitlán Izcalli',''),(778,15,'122','Valle de Chalco Solidaridad',''),(779,15,'123','Luvianos',''),(780,15,'124','San José del Rincón',''),(781,15,'125','Tonanitla',''),(782,16,'001','Acuitzio',''),(783,16,'002','Aguililla',''),(784,16,'003','Álvaro Obregón',''),(785,16,'004','Angamacutiro',''),(786,16,'005','Angangueo',''),(787,16,'006','Apatzingán',''),(788,16,'007','Aporo',''),(789,16,'008','Aquila',''),(790,16,'009','Ario',''),(791,16,'010','Arteaga',''),(792,16,'011','Briseñas',''),(793,16,'012','Buenavista',''),(794,16,'013','Carácuaro',''),(795,16,'014','Coahuayana',''),(796,16,'015','Coalcomán de Vázquez Pallares',''),(797,16,'016','Coeneo',''),(798,16,'017','Contepec',''),(799,16,'018','Copándaro',''),(800,16,'019','Cotija',''),(801,16,'020','Cuitzeo',''),(802,16,'021','Charapan',''),(803,16,'022','Charo',''),(804,16,'023','Chavinda',''),(805,16,'024','Cherán',''),(806,16,'025','Chilchota',''),(807,16,'026','Chinicuila',''),(808,16,'027','Chucándiro',''),(809,16,'028','Churintzio',''),(810,16,'029','Churumuco',''),(811,16,'030','Ecuandureo',''),(812,16,'031','Epitacio Huerta',''),(813,16,'032','Erongarícuaro',''),(814,16,'033','Gabriel Zamora',''),(815,16,'034','Hidalgo',''),(816,16,'035','La Huacana',''),(817,16,'036','Huandacareo',''),(818,16,'037','Huaniqueo',''),(819,16,'038','Huetamo',''),(820,16,'039','Huiramba',''),(821,16,'040','Indaparapeo',''),(822,16,'041','Irimbo',''),(823,16,'042','Ixtlán',''),(824,16,'043','Jacona',''),(825,16,'044','Jiménez',''),(826,16,'045','Jiquilpan',''),(827,16,'046','Juárez',''),(828,16,'047','Jungapeo',''),(829,16,'048','Lagunillas',''),(830,16,'049','Madero',''),(831,16,'050','Maravatío',''),(832,16,'051','Marcos Castellanos',''),(833,16,'052','Lázaro Cárdenas',''),(834,16,'053','Morelia',''),(835,16,'054','Morelos',''),(836,16,'055','Múgica',''),(837,16,'056','Nahuatzen',''),(838,16,'057','Nocupétaro',''),(839,16,'058','Nuevo Parangaricutiro',''),(840,16,'059','Nuevo Urecho',''),(841,16,'060','Numarán',''),(842,16,'061','Ocampo',''),(843,16,'062','Pajacuarán',''),(844,16,'063','Panindícuaro',''),(845,16,'064','Parácuaro',''),(846,16,'065','Paracho',''),(847,16,'066','Pátzcuaro',''),(848,16,'067','Penjamillo',''),(849,16,'068','Peribán',''),(850,16,'069','La Piedad',''),(851,16,'070','Purépero',''),(852,16,'071','Puruándiro',''),(853,16,'072','Queréndaro',''),(854,16,'073','Quiroga',''),(855,16,'074','Cojumatlán de Régules',''),(856,16,'075','Los Reyes',''),(857,16,'076','Sahuayo',''),(858,16,'077','San Lucas',''),(859,16,'078','Santa Ana Maya',''),(860,16,'079','Salvador Escalante',''),(861,16,'080','Senguio',''),(862,16,'081','Susupuato',''),(863,16,'082','Tacámbaro',''),(864,16,'083','Tancítaro',''),(865,16,'084','Tangamandapio',''),(866,16,'085','Tangancícuaro',''),(867,16,'086','Tanhuato',''),(868,16,'087','Taretan',''),(869,16,'088','Tarímbaro',''),(870,16,'089','Tepalcatepec',''),(871,16,'090','Tingambato',''),(872,16,'091','Tingüindín',''),(873,16,'092','Tiquicheo de Nicolás Romero',''),(874,16,'093','Tlalpujahua',''),(875,16,'094','Tlazazalca',''),(876,16,'095','Tocumbo',''),(877,16,'096','Tumbiscatío',''),(878,16,'097','Turicato',''),(879,16,'098','Tuxpan',''),(880,16,'099','Tuzantla',''),(881,16,'100','Tzintzuntzan',''),(882,16,'101','Tzitzio',''),(883,16,'102','Uruapan',''),(884,16,'103','Venustiano Carranza',''),(885,16,'104','Villamar',''),(886,16,'105','Vista Hermosa',''),(887,16,'106','Yurécuaro',''),(888,16,'107','Zacapu',''),(889,16,'108','Zamora',''),(890,16,'109','Zináparo',''),(891,16,'110','Zinapécuaro',''),(892,16,'111','Ziracuaretiro',''),(893,16,'112','Zitácuaro',''),(894,16,'113','José Sixto Verduzco',''),(895,17,'001','Amacuzac',''),(896,17,'002','Atlatlahucan',''),(897,17,'003','Axochiapan',''),(898,17,'004','Ayala',''),(899,17,'005','Coatlán del Río',''),(900,17,'006','Cuautla',''),(901,17,'007','Cuernavaca',''),(902,17,'008','Emiliano Zapata',''),(903,17,'009','Huitzilac',''),(904,17,'010','Jantetelco',''),(905,17,'011','Jiutepec',''),(906,17,'012','Jojutla',''),(907,17,'013','Jonacatepec',''),(908,17,'014','Mazatepec',''),(909,17,'015','Miacatlán',''),(910,17,'016','Ocuituco',''),(911,17,'017','Puente de Ixtla',''),(912,17,'018','Temixco',''),(913,17,'019','Tepalcingo',''),(914,17,'020','Tepoztlán',''),(915,17,'021','Tetecala',''),(916,17,'022','Tetela del Volcán',''),(917,17,'023','Tlalnepantla',''),(918,17,'024','Tlaltizapán de Zapata',''),(919,17,'025','Tlaquiltenango',''),(920,17,'026','Tlayacapan',''),(921,17,'027','Totolapan',''),(922,17,'028','Xochitepec',''),(923,17,'029','Yautepec',''),(924,17,'030','Yecapixtla',''),(925,17,'031','Zacatepec',''),(926,17,'032','Zacualpan',''),(927,17,'033','Temoac',''),(928,18,'001','Acaponeta',''),(929,18,'002','Ahuacatlán',''),(930,18,'003','Amatlán de Cañas',''),(931,18,'004','Compostela',''),(932,18,'005','Huajicori',''),(933,18,'006','Ixtlán del Río',''),(934,18,'007','Jala',''),(935,18,'008','Xalisco',''),(936,18,'009','Del Nayar',''),(937,18,'010','Rosamorada',''),(938,18,'011','Ruíz',''),(939,18,'012','San Blas',''),(940,18,'013','San Pedro Lagunillas',''),(941,18,'014','Santa María del Oro',''),(942,18,'015','Santiago Ixcuintla',''),(943,18,'016','Tecuala',''),(944,18,'017','Tepic',''),(945,18,'018','Tuxpan',''),(946,18,'019','La Yesca',''),(947,18,'020','Bahía de Banderas',''),(948,19,'001','Abasolo',''),(949,19,'002','Agualeguas',''),(950,19,'003','Los Aldamas',''),(951,19,'004','Allende',''),(952,19,'005','Anáhuac',''),(953,19,'006','Apodaca',''),(954,19,'007','Aramberri',''),(955,19,'008','Bustamante',''),(956,19,'009','Cadereyta Jiménez',''),(957,19,'010','El Carmen',''),(958,19,'011','Cerralvo',''),(959,19,'012','Ciénega de Flores',''),(960,19,'013','China',''),(961,19,'014','Doctor Arroyo',''),(962,19,'015','Doctor Coss',''),(963,19,'016','Doctor González',''),(964,19,'017','Galeana',''),(965,19,'018','García',''),(966,19,'019','San Pedro Garza García',''),(967,19,'020','General Bravo',''),(968,19,'021','General Escobedo',''),(969,19,'022','General Terán',''),(970,19,'023','General Treviño',''),(971,19,'024','General Zaragoza',''),(972,19,'025','General Zuazua',''),(973,19,'026','Guadalupe',''),(974,19,'027','Los Herreras',''),(975,19,'028','Higueras',''),(976,19,'029','Hualahuises',''),(977,19,'030','Iturbide',''),(978,19,'031','Juárez',''),(979,19,'032','Lampazos de Naranjo',''),(980,19,'033','Linares',''),(981,19,'034','Marín',''),(982,19,'035','Melchor Ocampo',''),(983,19,'036','Mier y Noriega',''),(984,19,'037','Mina',''),(985,19,'038','Montemorelos',''),(986,19,'039','Monterrey',''),(987,19,'040','Parás',''),(988,19,'041','Pesquería',''),(989,19,'042','Los Ramones',''),(990,19,'043','Rayones',''),(991,19,'044','Sabinas Hidalgo',''),(992,19,'045','Salinas Victoria',''),(993,19,'046','San Nicolás de los Garza',''),(994,19,'047','Hidalgo',''),(995,19,'048','Santa Catarina',''),(996,19,'049','Santiago',''),(997,19,'050','Vallecillo',''),(998,19,'051','Villaldama',''),(999,20,'001','Abejones',''),(1000,20,'002','Acatlán de Pérez Figueroa',''),(1001,20,'003','Asunción Cacalotepec',''),(1002,20,'004','Asunción Cuyotepeji',''),(1003,20,'005','Asunción Ixtaltepec',''),(1004,20,'006','Asunción Nochixtlán',''),(1005,20,'007','Asunción Ocotlán',''),(1006,20,'008','Asunción Tlacolulita',''),(1007,20,'009','Ayotzintepec',''),(1008,20,'010','El Barrio de la Soledad',''),(1009,20,'011','Calihualá',''),(1010,20,'012','Candelaria Loxicha',''),(1011,20,'013','Ciénega de Zimatlán',''),(1012,20,'014','Ciudad Ixtepec',''),(1013,20,'015','Coatecas Altas',''),(1014,20,'016','Coicoyán de las Flores',''),(1015,20,'017','La Compañía',''),(1016,20,'018','Concepción Buenavista',''),(1017,20,'019','Concepción Pápalo',''),(1018,20,'020','Constancia del Rosario',''),(1019,20,'021','Cosolapa',''),(1020,20,'022','Cosoltepec',''),(1021,20,'023','Cuilápam de Guerrero',''),(1022,20,'024','Cuyamecalco Villa de Zaragoza',''),(1023,20,'025','Chahuites',''),(1024,20,'026','Chalcatongo de Hidalgo',''),(1025,20,'027','Chiquihuitlán de Benito Juárez',''),(1026,20,'028','Heroica Ciudad de Ejutla de Crespo',''),(1027,20,'029','Eloxochitlán de Flores Magón',''),(1028,20,'030','El Espinal',''),(1029,20,'031','Tamazulápam del Espíritu Santo',''),(1030,20,'032','Fresnillo de Trujano',''),(1031,20,'033','Guadalupe Etla',''),(1032,20,'034','Guadalupe de Ramírez',''),(1033,20,'035','Guelatao de Juárez',''),(1034,20,'036','Guevea de Humboldt',''),(1035,20,'037','Mesones Hidalgo',''),(1036,20,'038','Villa Hidalgo',''),(1037,20,'039','Heroica Ciudad de Huajuapan de León',''),(1038,20,'040','Huautepec',''),(1039,20,'041','Huautla de Jiménez',''),(1040,20,'042','Ixtlán de Juárez',''),(1041,20,'043','Heroica Ciudad de Juchitán de Zaragoza',''),(1042,20,'044','Loma Bonita',''),(1043,20,'045','Magdalena Apasco',''),(1044,20,'046','Magdalena Jaltepec',''),(1045,20,'047','Santa Magdalena Jicotlán',''),(1046,20,'048','Magdalena Mixtepec',''),(1047,20,'049','Magdalena Ocotlán',''),(1048,20,'050','Magdalena Peñasco',''),(1049,20,'051','Magdalena Teitipac',''),(1050,20,'052','Magdalena Tequisistlán',''),(1051,20,'053','Magdalena Tlacotepec',''),(1052,20,'054','Magdalena Zahuatlán',''),(1053,20,'055','Mariscala de Juárez',''),(1054,20,'056','Mártires de Tacubaya',''),(1055,20,'057','Matías Romero Avendaño',''),(1056,20,'058','Mazatlán Villa de Flores',''),(1057,20,'059','Miahuatlán de Porfirio Díaz',''),(1058,20,'060','Mixistlán de la Reforma',''),(1059,20,'061','Monjas',''),(1060,20,'062','Natividad',''),(1061,20,'063','Nazareno Etla',''),(1062,20,'064','Nejapa de Madero',''),(1063,20,'065','Ixpantepec Nieves',''),(1064,20,'066','Santiago Niltepec',''),(1065,20,'067','Oaxaca de Juárez',''),(1066,20,'068','Ocotlán de Morelos',''),(1067,20,'069','La Pe',''),(1068,20,'070','Pinotepa de Don Luis',''),(1069,20,'071','Pluma Hidalgo',''),(1070,20,'072','San José del Progreso',''),(1071,20,'073','Putla Villa de Guerrero',''),(1072,20,'074','Santa Catarina Quioquitani',''),(1073,20,'075','Reforma de Pineda',''),(1074,20,'076','La Reforma',''),(1075,20,'077','Reyes Etla',''),(1076,20,'078','Rojas de Cuauhtémoc',''),(1077,20,'079','Salina Cruz',''),(1078,20,'080','San Agustín Amatengo',''),(1079,20,'081','San Agustín Atenango',''),(1080,20,'082','San Agustín Chayuco',''),(1081,20,'083','San Agustín de las Juntas',''),(1082,20,'084','San Agustín Etla',''),(1083,20,'085','San Agustín Loxicha',''),(1084,20,'086','San Agustín Tlacotepec',''),(1085,20,'087','San Agustín Yatareni',''),(1086,20,'088','San Andrés Cabecera Nueva',''),(1087,20,'089','San Andrés Dinicuiti',''),(1088,20,'090','San Andrés Huaxpaltepec',''),(1089,20,'091','San Andrés Huayápam',''),(1090,20,'092','San Andrés Ixtlahuaca',''),(1091,20,'093','San Andrés Lagunas',''),(1092,20,'094','San Andrés Nuxiño',''),(1093,20,'095','San Andrés Paxtlán',''),(1094,20,'096','San Andrés Sinaxtla',''),(1095,20,'097','San Andrés Solaga',''),(1096,20,'098','San Andrés Teotilálpam',''),(1097,20,'099','San Andrés Tepetlapa',''),(1098,20,'100','San Andrés Yaá',''),(1099,20,'101','San Andrés Zabache',''),(1100,20,'102','San Andrés Zautla',''),(1101,20,'103','San Antonino Castillo Velasco',''),(1102,20,'104','San Antonino el Alto',''),(1103,20,'105','San Antonino Monte Verde',''),(1104,20,'106','San Antonio Acutla',''),(1105,20,'107','San Antonio de la Cal',''),(1106,20,'108','San Antonio Huitepec',''),(1107,20,'109','San Antonio Nanahuatípam',''),(1108,20,'110','San Antonio Sinicahua',''),(1109,20,'111','San Antonio Tepetlapa',''),(1110,20,'112','San Baltazar Chichicápam',''),(1111,20,'113','San Baltazar Loxicha',''),(1112,20,'114','San Baltazar Yatzachi el Bajo',''),(1113,20,'115','San Bartolo Coyotepec',''),(1114,20,'116','San Bartolomé Ayautla',''),(1115,20,'117','San Bartolomé Loxicha',''),(1116,20,'118','San Bartolomé Quialana',''),(1117,20,'119','San Bartolomé Yucuañe',''),(1118,20,'120','San Bartolomé Zoogocho',''),(1119,20,'121','San Bartolo Soyaltepec',''),(1120,20,'122','San Bartolo Yautepec',''),(1121,20,'123','San Bernardo Mixtepec',''),(1122,20,'124','San Blas Atempa',''),(1123,20,'125','San Carlos Yautepec',''),(1124,20,'126','San Cristóbal Amatlán',''),(1125,20,'127','San Cristóbal Amoltepec',''),(1126,20,'128','San Cristóbal Lachirioag',''),(1127,20,'129','San Cristóbal Suchixtlahuaca',''),(1128,20,'130','San Dionisio del Mar',''),(1129,20,'131','San Dionisio Ocotepec',''),(1130,20,'132','San Dionisio Ocotlán',''),(1131,20,'133','San Esteban Atatlahuca',''),(1132,20,'134','San Felipe Jalapa de Díaz',''),(1133,20,'135','San Felipe Tejalápam',''),(1134,20,'136','San Felipe Usila',''),(1135,20,'137','San Francisco Cahuacuá',''),(1136,20,'138','San Francisco Cajonos',''),(1137,20,'139','San Francisco Chapulapa',''),(1138,20,'140','San Francisco Chindúa',''),(1139,20,'141','San Francisco del Mar',''),(1140,20,'142','San Francisco Huehuetlán',''),(1141,20,'143','San Francisco Ixhuatán',''),(1142,20,'144','San Francisco Jaltepetongo',''),(1143,20,'145','San Francisco Lachigoló',''),(1144,20,'146','San Francisco Logueche',''),(1145,20,'147','San Francisco Nuxaño',''),(1146,20,'148','San Francisco Ozolotepec',''),(1147,20,'149','San Francisco Sola',''),(1148,20,'150','San Francisco Telixtlahuaca',''),(1149,20,'151','San Francisco Teopan',''),(1150,20,'152','San Francisco Tlapancingo',''),(1151,20,'153','San Gabriel Mixtepec',''),(1152,20,'154','San Ildefonso Amatlán',''),(1153,20,'155','San Ildefonso Sola',''),(1154,20,'156','San Ildefonso Villa Alta',''),(1155,20,'157','San Jacinto Amilpas',''),(1156,20,'158','San Jacinto Tlacotepec',''),(1157,20,'159','San Jerónimo Coatlán',''),(1158,20,'160','San Jerónimo Silacayoapilla',''),(1159,20,'161','San Jerónimo Sosola',''),(1160,20,'162','San Jerónimo Taviche',''),(1161,20,'163','San Jerónimo Tecóatl',''),(1162,20,'164','San Jorge Nuchita',''),(1163,20,'165','San José Ayuquila',''),(1164,20,'166','San José Chiltepec',''),(1165,20,'167','San José del Peñasco',''),(1166,20,'168','San José Estancia Grande',''),(1167,20,'169','San José Independencia',''),(1168,20,'170','San José Lachiguiri',''),(1169,20,'171','San José Tenango',''),(1170,20,'172','San Juan Achiutla',''),(1171,20,'173','San Juan Atepec',''),(1172,20,'174','Ánimas Trujano',''),(1173,20,'175','San Juan Bautista Atatlahuca',''),(1174,20,'176','San Juan Bautista Coixtlahuaca',''),(1175,20,'177','San Juan Bautista Cuicatlán',''),(1176,20,'178','San Juan Bautista Guelache',''),(1177,20,'179','San Juan Bautista Jayacatlán',''),(1178,20,'180','San Juan Bautista Lo de Soto',''),(1179,20,'181','San Juan Bautista Suchitepec',''),(1180,20,'182','San Juan Bautista Tlacoatzintepec',''),(1181,20,'183','San Juan Bautista Tlachichilco',''),(1182,20,'184','San Juan Bautista Tuxtepec',''),(1183,20,'185','San Juan Cacahuatepec',''),(1184,20,'186','San Juan Cieneguilla',''),(1185,20,'187','San Juan Coatzóspam',''),(1186,20,'188','San Juan Colorado',''),(1187,20,'189','San Juan Comaltepec',''),(1188,20,'190','San Juan Cotzocón',''),(1189,20,'191','San Juan Chicomezúchil',''),(1190,20,'192','San Juan Chilateca',''),(1191,20,'193','San Juan del Estado',''),(1192,20,'194','San Juan del Río',''),(1193,20,'195','San Juan Diuxi',''),(1194,20,'196','San Juan Evangelista Analco',''),(1195,20,'197','San Juan Guelavía',''),(1196,20,'198','San Juan Guichicovi',''),(1197,20,'199','San Juan Ihualtepec',''),(1198,20,'200','San Juan Juquila Mixes',''),(1199,20,'201','San Juan Juquila Vijanos',''),(1200,20,'202','San Juan Lachao',''),(1201,20,'203','San Juan Lachigalla',''),(1202,20,'204','San Juan Lajarcia',''),(1203,20,'205','San Juan Lalana',''),(1204,20,'206','San Juan de los Cués',''),(1205,20,'207','San Juan Mazatlán',''),(1206,20,'208','San Juan Mixtepec -Dto. 08 -',''),(1207,20,'209','San Juan Mixtepec -Dto. 26 -',''),(1208,20,'210','San Juan Ñumí',''),(1209,20,'211','San Juan Ozolotepec',''),(1210,20,'212','San Juan Petlapa',''),(1211,20,'213','San Juan Quiahije',''),(1212,20,'214','San Juan Quiotepec',''),(1213,20,'215','San Juan Sayultepec',''),(1214,20,'216','San Juan Tabaá',''),(1215,20,'217','San Juan Tamazola',''),(1216,20,'218','San Juan Teita',''),(1217,20,'219','San Juan Teitipac',''),(1218,20,'220','San Juan Tepeuxila',''),(1219,20,'221','San Juan Teposcolula',''),(1220,20,'222','San Juan Yaeé',''),(1221,20,'223','San Juan Yatzona',''),(1222,20,'224','San Juan Yucuita',''),(1223,20,'225','San Lorenzo',''),(1224,20,'226','San Lorenzo Albarradas',''),(1225,20,'227','San Lorenzo Cacaotepec',''),(1226,20,'228','San Lorenzo Cuaunecuiltitla',''),(1227,20,'229','San Lorenzo Texmelúcan',''),(1228,20,'230','San Lorenzo Victoria',''),(1229,20,'231','San Lucas Camotlán',''),(1230,20,'232','San Lucas Ojitlán',''),(1231,20,'233','San Lucas Quiaviní',''),(1232,20,'234','San Lucas Zoquiápam',''),(1233,20,'235','San Luis Amatlán',''),(1234,20,'236','San Marcial Ozolotepec',''),(1235,20,'237','San Marcos Arteaga',''),(1236,20,'238','San Martín de los Cansecos',''),(1237,20,'239','San Martín Huamelúlpam',''),(1238,20,'240','San Martín Itunyoso',''),(1239,20,'241','San Martín Lachilá',''),(1240,20,'242','San Martín Peras',''),(1241,20,'243','San Martín Tilcajete',''),(1242,20,'244','San Martín Toxpalan',''),(1243,20,'245','San Martín Zacatepec',''),(1244,20,'246','San Mateo Cajonos',''),(1245,20,'247','Capulálpam de Méndez',''),(1246,20,'248','San Mateo del Mar',''),(1247,20,'249','San Mateo Yoloxochitlán',''),(1248,20,'250','San Mateo Etlatongo',''),(1249,20,'251','San Mateo Nejápam',''),(1250,20,'252','San Mateo Peñasco',''),(1251,20,'253','San Mateo Piñas',''),(1252,20,'254','San Mateo Río Hondo',''),(1253,20,'255','San Mateo Sindihui',''),(1254,20,'256','San Mateo Tlapiltepec',''),(1255,20,'257','San Melchor Betaza',''),(1256,20,'258','San Miguel Achiutla',''),(1257,20,'259','San Miguel Ahuehuetitlán',''),(1258,20,'260','San Miguel Aloápam',''),(1259,20,'261','San Miguel Amatitlán',''),(1260,20,'262','San Miguel Amatlán',''),(1261,20,'263','San Miguel Coatlán',''),(1262,20,'264','San Miguel Chicahua',''),(1263,20,'265','San Miguel Chimalapa',''),(1264,20,'266','San Miguel del Puerto',''),(1265,20,'267','San Miguel del Río',''),(1266,20,'268','San Miguel Ejutla',''),(1267,20,'269','San Miguel el Grande',''),(1268,20,'270','San Miguel Huautla',''),(1269,20,'271','San Miguel Mixtepec',''),(1270,20,'272','San Miguel Panixtlahuaca',''),(1271,20,'273','San Miguel Peras',''),(1272,20,'274','San Miguel Piedras',''),(1273,20,'275','San Miguel Quetzaltepec',''),(1274,20,'276','San Miguel Santa Flor',''),(1275,20,'277','Villa Sola de Vega',''),(1276,20,'278','San Miguel Soyaltepec',''),(1277,20,'279','San Miguel Suchixtepec',''),(1278,20,'280','Villa Talea de Castro',''),(1279,20,'281','San Miguel Tecomatlán',''),(1280,20,'282','San Miguel Tenango',''),(1281,20,'283','San Miguel Tequixtepec',''),(1282,20,'284','San Miguel Tilquiápam',''),(1283,20,'285','San Miguel Tlacamama',''),(1284,20,'286','San Miguel Tlacotepec',''),(1285,20,'287','San Miguel Tulancingo',''),(1286,20,'288','San Miguel Yotao',''),(1287,20,'289','San Nicolás',''),(1288,20,'290','San Nicolás Hidalgo',''),(1289,20,'291','San Pablo Coatlán',''),(1290,20,'292','San Pablo Cuatro Venados',''),(1291,20,'293','San Pablo Etla',''),(1292,20,'294','San Pablo Huitzo',''),(1293,20,'295','San Pablo Huixtepec',''),(1294,20,'296','San Pablo Macuiltianguis',''),(1295,20,'297','San Pablo Tijaltepec',''),(1296,20,'298','San Pablo Villa de Mitla',''),(1297,20,'299','San Pablo Yaganiza',''),(1298,20,'300','San Pedro Amuzgos',''),(1299,20,'301','San Pedro Apóstol',''),(1300,20,'302','San Pedro Atoyac',''),(1301,20,'303','San Pedro Cajonos',''),(1302,20,'304','San Pedro Coxcaltepec Cántaros',''),(1303,20,'305','San Pedro Comitancillo',''),(1304,20,'306','San Pedro el Alto',''),(1305,20,'307','San Pedro Huamelula',''),(1306,20,'308','San Pedro Huilotepec',''),(1307,20,'309','San Pedro Ixcatlán',''),(1308,20,'310','San Pedro Ixtlahuaca',''),(1309,20,'311','San Pedro Jaltepetongo',''),(1310,20,'312','San Pedro Jicayán',''),(1311,20,'313','San Pedro Jocotipac',''),(1312,20,'314','San Pedro Juchatengo',''),(1313,20,'315','San Pedro Mártir',''),(1314,20,'316','San Pedro Mártir Quiechapa',''),(1315,20,'317','San Pedro Mártir Yucuxaco',''),(1316,20,'318','San Pedro Mixtepec -Dto. 22 -',''),(1317,20,'319','San Pedro Mixtepec -Dto. 26 -',''),(1318,20,'320','San Pedro Molinos',''),(1319,20,'321','San Pedro Nopala',''),(1320,20,'322','San Pedro Ocopetatillo',''),(1321,20,'323','San Pedro Ocotepec',''),(1322,20,'324','San Pedro Pochutla',''),(1323,20,'325','San Pedro Quiatoni',''),(1324,20,'326','San Pedro Sochiápam',''),(1325,20,'327','San Pedro Tapanatepec',''),(1326,20,'328','San Pedro Taviche',''),(1327,20,'329','San Pedro Teozacoalco',''),(1328,20,'330','San Pedro Teutila',''),(1329,20,'331','San Pedro Tidaá',''),(1330,20,'332','San Pedro Topiltepec',''),(1331,20,'333','San Pedro Totolápam',''),(1332,20,'334','Villa de Tututepec de Melchor Ocampo',''),(1333,20,'335','San Pedro Yaneri',''),(1334,20,'336','San Pedro Yólox',''),(1335,20,'337','San Pedro y San Pablo Ayutla',''),(1336,20,'338','Villa de Etla',''),(1337,20,'339','San Pedro y San Pablo Teposcolula',''),(1338,20,'340','San Pedro y San Pablo Tequixtepec',''),(1339,20,'341','San Pedro Yucunama',''),(1340,20,'342','San Raymundo Jalpan',''),(1341,20,'343','San Sebastián Abasolo',''),(1342,20,'344','San Sebastián Coatlán',''),(1343,20,'345','San Sebastián Ixcapa',''),(1344,20,'346','San Sebastián Nicananduta',''),(1345,20,'347','San Sebastián Río Hondo',''),(1346,20,'348','San Sebastián Tecomaxtlahuaca',''),(1347,20,'349','San Sebastián Teitipac',''),(1348,20,'350','San Sebastián Tutla',''),(1349,20,'351','San Simón Almolongas',''),(1350,20,'352','San Simón Zahuatlán',''),(1351,20,'353','Santa Ana',''),(1352,20,'354','Santa Ana Ateixtlahuaca',''),(1353,20,'355','Santa Ana Cuauhtémoc',''),(1354,20,'356','Santa Ana del Valle',''),(1355,20,'357','Santa Ana Tavela',''),(1356,20,'358','Santa Ana Tlapacoyan',''),(1357,20,'359','Santa Ana Yareni',''),(1358,20,'360','Santa Ana Zegache',''),(1359,20,'361','Santa Catalina Quierí',''),(1360,20,'362','Santa Catarina Cuixtla',''),(1361,20,'363','Santa Catarina Ixtepeji',''),(1362,20,'364','Santa Catarina Juquila',''),(1363,20,'365','Santa Catarina Lachatao',''),(1364,20,'366','Santa Catarina Loxicha',''),(1365,20,'367','Santa Catarina Mechoacán',''),(1366,20,'368','Santa Catarina Minas',''),(1367,20,'369','Santa Catarina Quiané',''),(1368,20,'370','Santa Catarina Tayata',''),(1369,20,'371','Santa Catarina Ticuá',''),(1370,20,'372','Santa Catarina Yosonotú',''),(1371,20,'373','Santa Catarina Zapoquila',''),(1372,20,'374','Santa Cruz Acatepec',''),(1373,20,'375','Santa Cruz Amilpas',''),(1374,20,'376','Santa Cruz de Bravo',''),(1375,20,'377','Santa Cruz Itundujia',''),(1376,20,'378','Santa Cruz Mixtepec',''),(1377,20,'379','Santa Cruz Nundaco',''),(1378,20,'380','Santa Cruz Papalutla',''),(1379,20,'381','Santa Cruz Tacache de Mina',''),(1380,20,'382','Santa Cruz Tacahua',''),(1381,20,'383','Santa Cruz Tayata',''),(1382,20,'384','Santa Cruz Xitla',''),(1383,20,'385','Santa Cruz Xoxocotlán',''),(1384,20,'386','Santa Cruz Zenzontepec',''),(1385,20,'387','Santa Gertrudis',''),(1386,20,'388','Santa Inés del Monte',''),(1387,20,'389','Santa Inés Yatzeche',''),(1388,20,'390','Santa Lucía del Camino',''),(1389,20,'391','Santa Lucía Miahuatlán',''),(1390,20,'392','Santa Lucía Monteverde',''),(1391,20,'393','Santa Lucía Ocotlán',''),(1392,20,'394','Santa María Alotepec',''),(1393,20,'395','Santa María Apazco',''),(1394,20,'396','Santa María la Asunción',''),(1395,20,'397','Heroica Ciudad de Tlaxiaco',''),(1396,20,'398','Ayoquezco de Aldama',''),(1397,20,'399','Santa María Atzompa',''),(1398,20,'400','Santa María Camotlán',''),(1399,20,'401','Santa María Colotepec',''),(1400,20,'402','Santa María Cortijo',''),(1401,20,'403','Santa María Coyotepec',''),(1402,20,'404','Santa María Chachoápam',''),(1403,20,'405','Villa de Chilapa de Díaz',''),(1404,20,'406','Santa María Chilchotla',''),(1405,20,'407','Santa María Chimalapa',''),(1406,20,'408','Santa María del Rosario',''),(1407,20,'409','Santa María del Tule',''),(1408,20,'410','Santa María Ecatepec',''),(1409,20,'411','Santa María Guelacé',''),(1410,20,'412','Santa María Guienagati',''),(1411,20,'413','Santa María Huatulco',''),(1412,20,'414','Santa María Huazolotitlán',''),(1413,20,'415','Santa María Ipalapa',''),(1414,20,'416','Santa María Ixcatlán',''),(1415,20,'417','Santa María Jacatepec',''),(1416,20,'418','Santa María Jalapa del Marqués',''),(1417,20,'419','Santa María Jaltianguis',''),(1418,20,'420','Santa María Lachixío',''),(1419,20,'421','Santa María Mixtequilla',''),(1420,20,'422','Santa María Nativitas',''),(1421,20,'423','Santa María Nduayaco',''),(1422,20,'424','Santa María Ozolotepec',''),(1423,20,'425','Santa María Pápalo',''),(1424,20,'426','Santa María Peñoles',''),(1425,20,'427','Santa María Petapa',''),(1426,20,'428','Santa María Quiegolani',''),(1427,20,'429','Santa María Sola',''),(1428,20,'430','Santa María Tataltepec',''),(1429,20,'431','Santa María Tecomavaca',''),(1430,20,'432','Santa María Temaxcalapa',''),(1431,20,'433','Santa María Temaxcaltepec',''),(1432,20,'434','Santa María Teopoxco',''),(1433,20,'435','Santa María Tepantlali',''),(1434,20,'436','Santa María Texcatitlán',''),(1435,20,'437','Santa María Tlahuitoltepec',''),(1436,20,'438','Santa María Tlalixtac',''),(1437,20,'439','Santa María Tonameca',''),(1438,20,'440','Santa María Totolapilla',''),(1439,20,'441','Santa María Xadani',''),(1440,20,'442','Santa María Yalina',''),(1441,20,'443','Santa María Yavesía',''),(1442,20,'444','Santa María Yolotepec',''),(1443,20,'445','Santa María Yosoyúa',''),(1444,20,'446','Santa María Yucuhiti',''),(1445,20,'447','Santa María Zacatepec',''),(1446,20,'448','Santa María Zaniza',''),(1447,20,'449','Santa María Zoquitlán',''),(1448,20,'450','Santiago Amoltepec',''),(1449,20,'451','Santiago Apoala',''),(1450,20,'452','Santiago Apóstol',''),(1451,20,'453','Santiago Astata',''),(1452,20,'454','Santiago Atitlán',''),(1453,20,'455','Santiago Ayuquililla',''),(1454,20,'456','Santiago Cacaloxtepec',''),(1455,20,'457','Santiago Camotlán',''),(1456,20,'458','Santiago Comaltepec',''),(1457,20,'459','Santiago Chazumba',''),(1458,20,'460','Santiago Choápam',''),(1459,20,'461','Santiago del Río',''),(1460,20,'462','Santiago Huajolotitlán',''),(1461,20,'463','Santiago Huauclilla',''),(1462,20,'464','Santiago Ihuitlán Plumas',''),(1463,20,'465','Santiago Ixcuintepec',''),(1464,20,'466','Santiago Ixtayutla',''),(1465,20,'467','Santiago Jamiltepec',''),(1466,20,'468','Santiago Jocotepec',''),(1467,20,'469','Santiago Juxtlahuaca',''),(1468,20,'470','Santiago Lachiguiri',''),(1469,20,'471','Santiago Lalopa',''),(1470,20,'472','Santiago Laollaga',''),(1471,20,'473','Santiago Laxopa',''),(1472,20,'474','Santiago Llano Grande',''),(1473,20,'475','Santiago Matatlán',''),(1474,20,'476','Santiago Miltepec',''),(1475,20,'477','Santiago Minas',''),(1476,20,'478','Santiago Nacaltepec',''),(1477,20,'479','Santiago Nejapilla',''),(1478,20,'480','Santiago Nundiche',''),(1479,20,'481','Santiago Nuyoó',''),(1480,20,'482','Santiago Pinotepa Nacional',''),(1481,20,'483','Santiago Suchilquitongo',''),(1482,20,'484','Santiago Tamazola',''),(1483,20,'485','Santiago Tapextla',''),(1484,20,'486','Villa Tejúpam de la Unión',''),(1485,20,'487','Santiago Tenango',''),(1486,20,'488','Santiago Tepetlapa',''),(1487,20,'489','Santiago Tetepec',''),(1488,20,'490','Santiago Texcalcingo',''),(1489,20,'491','Santiago Textitlán',''),(1490,20,'492','Santiago Tilantongo',''),(1491,20,'493','Santiago Tillo',''),(1492,20,'494','Santiago Tlazoyaltepec',''),(1493,20,'495','Santiago Xanica',''),(1494,20,'496','Santiago Xiacuí',''),(1495,20,'497','Santiago Yaitepec',''),(1496,20,'498','Santiago Yaveo',''),(1497,20,'499','Santiago Yolomécatl',''),(1498,20,'500','Santiago Yosondúa',''),(1499,20,'501','Santiago Yucuyachi',''),(1500,20,'502','Santiago Zacatepec',''),(1501,20,'503','Santiago Zoochila',''),(1502,20,'504','Nuevo Zoquiápam',''),(1503,20,'505','Santo Domingo Ingenio',''),(1504,20,'506','Santo Domingo Albarradas',''),(1505,20,'507','Santo Domingo Armenta',''),(1506,20,'508','Santo Domingo Chihuitán',''),(1507,20,'509','Santo Domingo de Morelos',''),(1508,20,'510','Santo Domingo Ixcatlán',''),(1509,20,'511','Santo Domingo Nuxaá',''),(1510,20,'512','Santo Domingo Ozolotepec',''),(1511,20,'513','Santo Domingo Petapa',''),(1512,20,'514','Santo Domingo Roayaga',''),(1513,20,'515','Santo Domingo Tehuantepec',''),(1514,20,'516','Santo Domingo Teojomulco',''),(1515,20,'517','Santo Domingo Tepuxtepec',''),(1516,20,'518','Santo Domingo Tlatayápam',''),(1517,20,'519','Santo Domingo Tomaltepec',''),(1518,20,'520','Santo Domingo Tonalá',''),(1519,20,'521','Santo Domingo Tonaltepec',''),(1520,20,'522','Santo Domingo Xagacía',''),(1521,20,'523','Santo Domingo Yanhuitlán',''),(1522,20,'524','Santo Domingo Yodohino',''),(1523,20,'525','Santo Domingo Zanatepec',''),(1524,20,'526','Santos Reyes Nopala',''),(1525,20,'527','Santos Reyes Pápalo',''),(1526,20,'528','Santos Reyes Tepejillo',''),(1527,20,'529','Santos Reyes Yucuná',''),(1528,20,'530','Santo Tomás Jalieza',''),(1529,20,'531','Santo Tomás Mazaltepec',''),(1530,20,'532','Santo Tomás Ocotepec',''),(1531,20,'533','Santo Tomás Tamazulapan',''),(1532,20,'534','San Vicente Coatlán',''),(1533,20,'535','San Vicente Lachixío',''),(1534,20,'536','San Vicente Nuñú',''),(1535,20,'537','Silacayoápam',''),(1536,20,'538','Sitio de Xitlapehua',''),(1537,20,'539','Soledad Etla',''),(1538,20,'540','Villa de Tamazulápam del Progreso',''),(1539,20,'541','Tanetze de Zaragoza',''),(1540,20,'542','Taniche',''),(1541,20,'543','Tataltepec de Valdés',''),(1542,20,'544','Teococuilco de Marcos Pérez',''),(1543,20,'545','Teotitlán de Flores Magón',''),(1544,20,'546','Teotitlán del Valle',''),(1545,20,'547','Teotongo',''),(1546,20,'548','Tepelmeme Villa de Morelos',''),(1547,20,'549','Heroica Villa Tezoatlán de Segura y Luna, Cuna de ',''),(1548,20,'549','Heroica Villa Tezoatlán de Segura y Luna, Cuna de ',''),(1549,20,'549','Heroica Villa Tezoatlán de Segura y Luna, Cuna de ',''),(1550,20,'549','Heroica Villa Tezoatlán de Segura y Luna, Cuna de ',''),(1551,20,'549','Heroica Villa Tezoatlán de Segura y Luna, Cuna de ',''),(1552,20,'549','Heroica Villa Tezoatlán de Segura y Luna, Cuna de ',''),(1553,20,'549','Heroica Villa Tezoatlán de Segura y Luna, Cuna de ',''),(1554,20,'549','Heroica Villa Tezoatlán de Segura y Luna, Cuna de ',''),(1555,20,'549','Heroica Villa Tezoatlán de Segura y Luna, Cuna de ',''),(1556,20,'549','Heroica Villa Tezoatlán de Segura y Luna, Cuna de ',''),(1557,20,'549','Heroica Villa Tezoatlán de Segura y Luna, Cuna de ',''),(1558,20,'549','Heroica Villa Tezoatlán de Segura y Luna, Cuna de ',''),(1559,20,'549','Heroica Villa Tezoatlán de Segura y Luna, Cuna de ',''),(1560,20,'549','Heroica Villa Tezoatlán de Segura y Luna, Cuna de ',''),(1561,20,'549','Heroica Villa Tezoatlán de Segura y Luna, Cuna de ',''),(1562,20,'549','Heroica Villa Tezoatlán de Segura y Luna, Cuna de ',''),(1563,20,'549','Heroica Villa Tezoatlán de Segura y Luna, Cuna de ',''),(1564,20,'549','Heroica Villa Tezoatlán de Segura y Luna, Cuna de ',''),(1565,20,'549','Heroica Villa Tezoatlán de Segura y Luna, Cuna de ',''),(1566,20,'549','Heroica Villa Tezoatlán de Segura y Luna, Cuna de ',''),(1567,20,'549','Heroica Villa Tezoatlán de Segura y Luna, Cuna de ',''),(1568,20,'549','Heroica Villa Tezoatlán de Segura y Luna, Cuna de ',''),(1569,20,'549','Heroica Villa Tezoatlán de Segura y Luna, Cuna de ',''),(1570,20,'549','Heroica Villa Tezoatlán de Segura y Luna, Cuna de ',''),(1571,20,'549','Heroica Villa Tezoatlán de Segura y Luna, Cuna de ',''),(1572,20,'549','Heroica Villa Tezoatlán de Segura y Luna, Cuna de ',''),(1573,20,'549','Heroica Villa Tezoatlán de Segura y Luna, Cuna de ',''),(1574,20,'549','Heroica Villa Tezoatlán de Segura y Luna, Cuna de ',''),(1575,20,'549','Heroica Villa Tezoatlán de Segura y Luna, Cuna de ',''),(1576,20,'549','Heroica Villa Tezoatlán de Segura y Luna, Cuna de ',''),(1577,20,'549','Heroica Villa Tezoatlán de Segura y Luna, Cuna de ',''),(1578,20,'549','Heroica Villa Tezoatlán de Segura y Luna, Cuna de ',''),(1579,20,'549','Heroica Villa Tezoatlán de Segura y Luna, Cuna de ',''),(1580,20,'549','Heroica Villa Tezoatlán de Segura y Luna, Cuna de ',''),(1581,20,'549','Heroica Villa Tezoatlán de Segura y Luna, Cuna de ',''),(1582,20,'549','Heroica Villa Tezoatlán de Segura y Luna, Cuna de ',''),(1583,20,'550','San Jerónimo Tlacochahuaya',''),(1584,20,'551','Tlacolula de Matamoros',''),(1585,20,'552','Tlacotepec Plumas',''),(1586,20,'553','Tlalixtac de Cabrera',''),(1587,20,'554','Totontepec Villa de Morelos',''),(1588,20,'555','Trinidad Zaachila',''),(1589,20,'556','La Trinidad Vista Hermosa',''),(1590,20,'557','Unión Hidalgo',''),(1591,20,'558','Valerio Trujano',''),(1592,20,'559','San Juan Bautista Valle Nacional',''),(1593,20,'560','Villa Díaz Ordaz',''),(1594,20,'561','Yaxe',''),(1595,20,'562','Magdalena Yodocono de Porfirio Díaz',''),(1596,20,'563','Yogana',''),(1597,20,'564','Yutanduchi de Guerrero',''),(1598,20,'565','Villa de Zaachila',''),(1599,20,'566','San Mateo Yucutindó',''),(1600,20,'567','Zapotitlán Lagunas',''),(1601,20,'568','Zapotitlán Palmas',''),(1602,20,'569','Santa Inés de Zaragoza',''),(1603,20,'570','Zimatlán de Álvarez',''),(1604,21,'001','Acajete',''),(1605,21,'002','Acateno',''),(1606,21,'003','Acatlán',''),(1607,21,'004','Acatzingo',''),(1608,21,'005','Acteopan',''),(1609,21,'006','Ahuacatlán',''),(1610,21,'007','Ahuatlán',''),(1611,21,'008','Ahuazotepec',''),(1612,21,'009','Ahuehuetitla',''),(1613,21,'010','Ajalpan',''),(1614,21,'011','Albino Zertuche',''),(1615,21,'012','Aljojuca',''),(1616,21,'013','Altepexi',''),(1617,21,'014','Amixtlán',''),(1618,21,'015','Amozoc',''),(1619,21,'016','Aquixtla',''),(1620,21,'017','Atempan',''),(1621,21,'018','Atexcal',''),(1622,21,'019','Atlixco',''),(1623,21,'020','Atoyatempan',''),(1624,21,'021','Atzala',''),(1625,21,'022','Atzitzihuacán',''),(1626,21,'023','Atzitzintla',''),(1627,21,'024','Axutla',''),(1628,21,'025','Ayotoxco de Guerrero',''),(1629,21,'026','Calpan',''),(1630,21,'027','Caltepec',''),(1631,21,'028','Camocuautla',''),(1632,21,'029','Caxhuacan',''),(1633,21,'030','Coatepec',''),(1634,21,'031','Coatzingo',''),(1635,21,'032','Cohetzala',''),(1636,21,'033','Cohuecan',''),(1637,21,'034','Coronango',''),(1638,21,'035','Coxcatlán',''),(1639,21,'036','Coyomeapan',''),(1640,21,'037','Coyotepec',''),(1641,21,'038','Cuapiaxtla de Madero',''),(1642,21,'039','Cuautempan',''),(1643,21,'040','Cuautinchán',''),(1644,21,'041','Cuautlancingo',''),(1645,21,'042','Cuayuca de Andrade',''),(1646,21,'043','Cuetzalan del Progreso',''),(1647,21,'044','Cuyoaco',''),(1648,21,'045','Chalchicomula de Sesma',''),(1649,21,'046','Chapulco',''),(1650,21,'047','Chiautla',''),(1651,21,'048','Chiautzingo',''),(1652,21,'049','Chiconcuautla',''),(1653,21,'050','Chichiquila',''),(1654,21,'051','Chietla',''),(1655,21,'052','Chigmecatitlán',''),(1656,21,'053','Chignahuapan',''),(1657,21,'054','Chignautla',''),(1658,21,'055','Chila',''),(1659,21,'056','Chila de la Sal',''),(1660,21,'057','Honey',''),(1661,21,'058','Chilchotla',''),(1662,21,'059','Chinantla',''),(1663,21,'060','Domingo Arenas',''),(1664,21,'061','Eloxochitlán',''),(1665,21,'062','Epatlán',''),(1666,21,'063','Esperanza',''),(1667,21,'064','Francisco Z. Mena',''),(1668,21,'065','General Felipe Ángeles',''),(1669,21,'066','Guadalupe',''),(1670,21,'067','Guadalupe Victoria',''),(1671,21,'068','Hermenegildo Galeana',''),(1672,21,'069','Huaquechula',''),(1673,21,'070','Huatlatlauca',''),(1674,21,'071','Huauchinango',''),(1675,21,'072','Huehuetla',''),(1676,21,'073','Huehuetlán el Chico',''),(1677,21,'074','Huejotzingo',''),(1678,21,'075','Hueyapan',''),(1679,21,'076','Hueytamalco',''),(1680,21,'077','Hueytlalpan',''),(1681,21,'078','Huitzilan de Serdán',''),(1682,21,'079','Huitziltepec',''),(1683,21,'080','Atlequizayan',''),(1684,21,'081','Ixcamilpa de Guerrero',''),(1685,21,'082','Ixcaquixtla',''),(1686,21,'083','Ixtacamaxtitlán',''),(1687,21,'084','Ixtepec',''),(1688,21,'085','Izúcar de Matamoros',''),(1689,21,'086','Jalpan',''),(1690,21,'087','Jolalpan',''),(1691,21,'088','Jonotla',''),(1692,21,'089','Jopala',''),(1693,21,'090','Juan C. Bonilla',''),(1694,21,'091','Juan Galindo',''),(1695,21,'092','Juan N. Méndez',''),(1696,21,'093','Lafragua',''),(1697,21,'094','Libres',''),(1698,21,'095','La Magdalena Tlatlauquitepec',''),(1699,21,'096','Mazapiltepec de Juárez',''),(1700,21,'097','Mixtla',''),(1701,21,'098','Molcaxac',''),(1702,21,'099','Cañada Morelos',''),(1703,21,'100','Naupan',''),(1704,21,'101','Nauzontla',''),(1705,21,'102','Nealtican',''),(1706,21,'103','Nicolás Bravo',''),(1707,21,'104','Nopalucan',''),(1708,21,'105','Ocotepec',''),(1709,21,'106','Ocoyucan',''),(1710,21,'107','Olintla',''),(1711,21,'108','Oriental',''),(1712,21,'109','Pahuatlán',''),(1713,21,'110','Palmar de Bravo',''),(1714,21,'111','Pantepec',''),(1715,21,'112','Petlalcingo',''),(1716,21,'113','Piaxtla',''),(1717,21,'114','Puebla',''),(1718,21,'115','Quecholac',''),(1719,21,'116','Quimixtlán',''),(1720,21,'117','Rafael Lara Grajales',''),(1721,21,'118','Los Reyes de Juárez',''),(1722,21,'119','San Andrés Cholula',''),(1723,21,'120','San Antonio Cañada',''),(1724,21,'121','San Diego la Mesa Tochimiltzingo',''),(1725,21,'122','San Felipe Teotlalcingo',''),(1726,21,'123','San Felipe Tepatlán',''),(1727,21,'124','San Gabriel Chilac',''),(1728,21,'125','San Gregorio Atzompa',''),(1729,21,'126','San Jerónimo Tecuanipan',''),(1730,21,'127','San Jerónimo Xayacatlán',''),(1731,21,'128','San José Chiapa',''),(1732,21,'129','San José Miahuatlán',''),(1733,21,'130','San Juan Atenco',''),(1734,21,'131','San Juan Atzompa',''),(1735,21,'132','San Martín Texmelucan',''),(1736,21,'133','San Martín Totoltepec',''),(1737,21,'134','San Matías Tlalancaleca',''),(1738,21,'135','San Miguel Ixitlán',''),(1739,21,'136','San Miguel Xoxtla',''),(1740,21,'137','San Nicolás Buenos Aires',''),(1741,21,'138','San Nicolás de los Ranchos',''),(1742,21,'139','San Pablo Anicano',''),(1743,21,'140','San Pedro Cholula',''),(1744,21,'141','San Pedro Yeloixtlahuaca',''),(1745,21,'142','San Salvador el Seco',''),(1746,21,'143','San Salvador el Verde',''),(1747,21,'144','San Salvador Huixcolotla',''),(1748,21,'145','San Sebastián Tlacotepec',''),(1749,21,'146','Santa Catarina Tlaltempan',''),(1750,21,'147','Santa Inés Ahuatempan',''),(1751,21,'148','Santa Isabel Cholula',''),(1752,21,'149','Santiago Miahuatlán',''),(1753,21,'150','Huehuetlán el Grande',''),(1754,21,'151','Santo Tomás Hueyotlipan',''),(1755,21,'152','Soltepec',''),(1756,21,'153','Tecali de Herrera',''),(1757,21,'154','Tecamachalco',''),(1758,21,'155','Tecomatlán',''),(1759,21,'156','Tehuacán',''),(1760,21,'157','Tehuitzingo',''),(1761,21,'158','Tenampulco',''),(1762,21,'159','Teopantlán',''),(1763,21,'160','Teotlalco',''),(1764,21,'161','Tepanco de López',''),(1765,21,'162','Tepango de Rodríguez',''),(1766,21,'163','Tepatlaxco de Hidalgo',''),(1767,21,'164','Tepeaca',''),(1768,21,'165','Tepemaxalco',''),(1769,21,'166','Tepeojuma',''),(1770,21,'167','Tepetzintla',''),(1771,21,'168','Tepexco',''),(1772,21,'169','Tepexi de Rodríguez',''),(1773,21,'170','Tepeyahualco',''),(1774,21,'171','Tepeyahualco de Cuauhtémoc',''),(1775,21,'172','Tetela de Ocampo',''),(1776,21,'173','Teteles de Avila Castillo',''),(1777,21,'174','Teziutlán',''),(1778,21,'175','Tianguismanalco',''),(1779,21,'176','Tilapa',''),(1780,21,'177','Tlacotepec de Benito Juárez',''),(1781,21,'178','Tlacuilotepec',''),(1782,21,'179','Tlachichuca',''),(1783,21,'180','Tlahuapan',''),(1784,21,'181','Tlaltenango',''),(1785,21,'182','Tlanepantla',''),(1786,21,'183','Tlaola',''),(1787,21,'184','Tlapacoya',''),(1788,21,'185','Tlapanalá',''),(1789,21,'186','Tlatlauquitepec',''),(1790,21,'187','Tlaxco',''),(1791,21,'188','Tochimilco',''),(1792,21,'189','Tochtepec',''),(1793,21,'190','Totoltepec de Guerrero',''),(1794,21,'191','Tulcingo',''),(1795,21,'192','Tuzamapan de Galeana',''),(1796,21,'193','Tzicatlacoyan',''),(1797,21,'194','Venustiano Carranza',''),(1798,21,'195','Vicente Guerrero',''),(1799,21,'196','Xayacatlán de Bravo',''),(1800,21,'197','Xicotepec',''),(1801,21,'198','Xicotlán',''),(1802,21,'199','Xiutetelco',''),(1803,21,'200','Xochiapulco',''),(1804,21,'201','Xochiltepec',''),(1805,21,'202','Xochitlán de Vicente Suárez',''),(1806,21,'203','Xochitlán Todos Santos',''),(1807,21,'204','Yaonáhuac',''),(1808,21,'205','Yehualtepec',''),(1809,21,'206','Zacapala',''),(1810,21,'207','Zacapoaxtla',''),(1811,21,'208','Zacatlán',''),(1812,21,'209','Zapotitlán',''),(1813,21,'210','Zapotitlán de Méndez',''),(1814,21,'211','Zaragoza',''),(1815,21,'212','Zautla',''),(1816,21,'213','Zihuateutla',''),(1817,21,'214','Zinacatepec',''),(1818,21,'215','Zongozotla',''),(1819,21,'216','Zoquiapan',''),(1820,21,'217','Zoquitlán',''),(1821,22,'001','Amealco de Bonfil',''),(1822,22,'002','Pinal de Amoles',''),(1823,22,'003','Arroyo Seco',''),(1824,22,'004','Cadereyta de Montes',''),(1825,22,'005','Colón',''),(1826,22,'006','Corregidora',''),(1827,22,'007','Ezequiel Montes',''),(1828,22,'008','Huimilpan',''),(1829,22,'009','Jalpan de Serra',''),(1830,22,'010','Landa de Matamoros',''),(1831,22,'011','El Marqués',''),(1832,22,'012','Pedro Escobedo',''),(1833,22,'013','Peñamiller',''),(1834,22,'014','Querétaro',''),(1835,22,'015','San Joaquín',''),(1836,22,'016','San Juan del Río',''),(1837,22,'017','Tequisquiapan',''),(1838,22,'018','Tolimán',''),(1839,23,'001','Cozumel',''),(1840,23,'002','Felipe Carrillo Puerto',''),(1841,23,'003','Isla Mujeres',''),(1842,23,'004','Othón P. Blanco',''),(1843,23,'005','Benito Juárez',''),(1844,23,'006','José María Morelos',''),(1845,23,'007','Lázaro Cárdenas',''),(1846,23,'008','Solidaridad',''),(1847,23,'009','Tulum',''),(1848,23,'010','Bacalar',''),(1849,24,'001','Ahualulco',''),(1850,24,'002','Alaquines',''),(1851,24,'003','Aquismón',''),(1852,24,'004','Armadillo de los Infante',''),(1853,24,'005','Cárdenas',''),(1854,24,'006','Catorce',''),(1855,24,'007','Cedral',''),(1856,24,'008','Cerritos',''),(1857,24,'009','Cerro de San Pedro',''),(1858,24,'010','Ciudad del Maíz',''),(1859,24,'011','Ciudad Fernández',''),(1860,24,'012','Tancanhuitz',''),(1861,24,'013','Ciudad Valles',''),(1862,24,'014','Coxcatlán',''),(1863,24,'015','Charcas',''),(1864,24,'016','Ebano',''),(1865,24,'017','Guadalcázar',''),(1866,24,'018','Huehuetlán',''),(1867,24,'019','Lagunillas',''),(1868,24,'020','Matehuala',''),(1869,24,'021','Mexquitic de Carmona',''),(1870,24,'022','Moctezuma',''),(1871,24,'023','Rayón',''),(1872,24,'024','Rioverde',''),(1873,24,'025','Salinas',''),(1874,24,'026','San Antonio',''),(1875,24,'027','San Ciro de Acosta',''),(1876,24,'028','San Luis Potosí',''),(1877,24,'029','San Martín Chalchicuautla',''),(1878,24,'030','San Nicolás Tolentino',''),(1879,24,'031','Santa Catarina',''),(1880,24,'032','Santa María del Río',''),(1881,24,'033','Santo Domingo',''),(1882,24,'034','San Vicente Tancuayalab',''),(1883,24,'035','Soledad de Graciano Sánchez',''),(1884,24,'036','Tamasopo',''),(1885,24,'037','Tamazunchale',''),(1886,24,'038','Tampacán',''),(1887,24,'039','Tampamolón Corona',''),(1888,24,'040','Tamuín',''),(1889,24,'041','Tanlajás',''),(1890,24,'042','Tanquián de Escobedo',''),(1891,24,'043','Tierra Nueva',''),(1892,24,'044','Vanegas',''),(1893,24,'045','Venado',''),(1894,24,'046','Villa de Arriaga',''),(1895,24,'047','Villa de Guadalupe',''),(1896,24,'048','Villa de la Paz',''),(1897,24,'049','Villa de Ramos',''),(1898,24,'050','Villa de Reyes',''),(1899,24,'051','Villa Hidalgo',''),(1900,24,'052','Villa Juárez',''),(1901,24,'053','Axtla de Terrazas',''),(1902,24,'054','Xilitla',''),(1903,24,'055','Zaragoza',''),(1904,24,'056','Villa de Arista',''),(1905,24,'057','Matlapa',''),(1906,24,'058','El Naranjo',''),(1907,25,'001','Ahome',''),(1908,25,'002','Angostura',''),(1909,25,'003','Badiraguato',''),(1910,25,'004','Concordia',''),(1911,25,'005','Cosalá',''),(1912,25,'006','Culiacán',''),(1913,25,'007','Choix',''),(1914,25,'008','Elota',''),(1915,25,'009','Escuinapa',''),(1916,25,'010','El Fuerte',''),(1917,25,'011','Guasave',''),(1918,25,'012','Mazatlán',''),(1919,25,'013','Mocorito',''),(1920,25,'014','Rosario',''),(1921,25,'015','Salvador Alvarado',''),(1922,25,'016','San Ignacio',''),(1923,25,'017','Sinaloa',''),(1924,25,'018','Navolato',''),(1925,26,'001','Aconchi',''),(1926,26,'002','Agua Prieta',''),(1927,26,'003','Alamos',''),(1928,26,'004','Altar',''),(1929,26,'005','Arivechi',''),(1930,26,'006','Arizpe',''),(1931,26,'007','Atil',''),(1932,26,'008','Bacadéhuachi',''),(1933,26,'009','Bacanora',''),(1934,26,'010','Bacerac',''),(1935,26,'011','Bacoachi',''),(1936,26,'012','Bácum',''),(1937,26,'013','Banámichi',''),(1938,26,'014','Baviácora',''),(1939,26,'015','Bavispe',''),(1940,26,'016','Benjamín Hill',''),(1941,26,'017','Caborca',''),(1942,26,'018','Cajeme',''),(1943,26,'019','Cananea',''),(1944,26,'020','Carbó',''),(1945,26,'021','La Colorada',''),(1946,26,'022','Cucurpe',''),(1947,26,'023','Cumpas',''),(1948,26,'024','Divisaderos',''),(1949,26,'025','Empalme',''),(1950,26,'026','Etchojoa',''),(1951,26,'027','Fronteras',''),(1952,26,'028','Granados',''),(1953,26,'029','Guaymas',''),(1954,26,'030','Hermosillo',''),(1955,26,'031','Huachinera',''),(1956,26,'032','Huásabas',''),(1957,26,'033','Huatabampo',''),(1958,26,'034','Huépac',''),(1959,26,'035','Imuris',''),(1960,26,'036','Magdalena',''),(1961,26,'037','Mazatán',''),(1962,26,'038','Moctezuma',''),(1963,26,'039','Naco',''),(1964,26,'040','Nácori Chico',''),(1965,26,'041','Nacozari de García',''),(1966,26,'042','Navojoa',''),(1967,26,'043','Nogales',''),(1968,26,'044','Onavas',''),(1969,26,'045','Opodepe',''),(1970,26,'046','Oquitoa',''),(1971,26,'047','Pitiquito',''),(1972,26,'048','Puerto Peñasco',''),(1973,26,'049','Quiriego',''),(1974,26,'050','Rayón',''),(1975,26,'051','Rosario',''),(1976,26,'052','Sahuaripa',''),(1977,26,'053','San Felipe de Jesús',''),(1978,26,'054','San Javier',''),(1979,26,'055','San Luis Río Colorado',''),(1980,26,'056','San Miguel de Horcasitas',''),(1981,26,'057','San Pedro de la Cueva',''),(1982,26,'058','Santa Ana',''),(1983,26,'059','Santa Cruz',''),(1984,26,'060','Sáric',''),(1985,26,'061','Soyopa',''),(1986,26,'062','Suaqui Grande',''),(1987,26,'063','Tepache',''),(1988,26,'064','Trincheras',''),(1989,26,'065','Tubutama',''),(1990,26,'066','Ures',''),(1991,26,'067','Villa Hidalgo',''),(1992,26,'068','Villa Pesqueira',''),(1993,26,'069','Yécora',''),(1994,26,'070','General Plutarco Elías Calles',''),(1995,26,'071','Benito Juárez',''),(1996,26,'072','San Ignacio Río Muerto',''),(1997,27,'001','Balancán',''),(1998,27,'002','Cárdenas',''),(1999,27,'003','Centla',''),(2000,27,'004','Centro',''),(2001,27,'005','Comalcalco',''),(2002,27,'006','Cunduacán',''),(2003,27,'007','Emiliano Zapata',''),(2004,27,'008','Huimanguillo',''),(2005,27,'009','Jalapa',''),(2006,27,'010','Jalpa de Méndez',''),(2007,27,'011','Jonuta',''),(2008,27,'012','Macuspana',''),(2009,27,'013','Nacajuca',''),(2010,27,'014','Paraíso',''),(2011,27,'015','Tacotalpa',''),(2012,27,'016','Teapa',''),(2013,27,'017','Tenosique',''),(2014,28,'001','Abasolo',''),(2015,28,'002','Aldama',''),(2016,28,'003','Altamira',''),(2017,28,'004','Antiguo Morelos',''),(2018,28,'005','Burgos',''),(2019,28,'006','Bustamante',''),(2020,28,'007','Camargo',''),(2021,28,'008','Casas',''),(2022,28,'009','Ciudad Madero',''),(2023,28,'010','Cruillas',''),(2024,28,'011','Gómez Farías',''),(2025,28,'012','González',''),(2026,28,'013','Güémez',''),(2027,28,'014','Guerrero',''),(2028,28,'015','Gustavo Díaz Ordaz',''),(2029,28,'016','Hidalgo',''),(2030,28,'017','Jaumave',''),(2031,28,'018','Jiménez',''),(2032,28,'019','Llera',''),(2033,28,'020','Mainero',''),(2034,28,'021','El Mante',''),(2035,28,'022','Matamoros',''),(2036,28,'023','Méndez',''),(2037,28,'024','Mier',''),(2038,28,'025','Miguel Alemán',''),(2039,28,'026','Miquihuana',''),(2040,28,'027','Nuevo Laredo',''),(2041,28,'028','Nuevo Morelos',''),(2042,28,'029','Ocampo',''),(2043,28,'030','Padilla',''),(2044,28,'031','Palmillas',''),(2045,28,'032','Reynosa',''),(2046,28,'033','Río Bravo',''),(2047,28,'034','San Carlos',''),(2048,28,'035','San Fernando',''),(2049,28,'036','San Nicolás',''),(2050,28,'037','Soto la Marina',''),(2051,28,'038','Tampico',''),(2052,28,'039','Tula',''),(2053,28,'040','Valle Hermoso',''),(2054,28,'041','Victoria',''),(2055,28,'042','Villagrán',''),(2056,28,'043','Xicoténcatl',''),(2057,29,'001','Amaxac de Guerrero',''),(2058,29,'002','Apetatitlán de Antonio Carvajal',''),(2059,29,'003','Atlangatepec',''),(2060,29,'004','Atltzayanca',''),(2061,29,'005','Apizaco',''),(2062,29,'006','Calpulalpan',''),(2063,29,'007','El Carmen Tequexquitla',''),(2064,29,'008','Cuapiaxtla',''),(2065,29,'009','Cuaxomulco',''),(2066,29,'010','Chiautempan',''),(2067,29,'011','Muñoz de Domingo Arenas',''),(2068,29,'012','Españita',''),(2069,29,'013','Huamantla',''),(2070,29,'014','Hueyotlipan',''),(2071,29,'015','Ixtacuixtla de Mariano Matamoros',''),(2072,29,'016','Ixtenco',''),(2073,29,'017','Mazatecochco de José María Morelos',''),(2074,29,'018','Contla de Juan Cuamatzi',''),(2075,29,'019','Tepetitla de Lardizábal',''),(2076,29,'020','Sanctórum de Lázaro Cárdenas',''),(2077,29,'021','Nanacamilpa de Mariano Arista',''),(2078,29,'022','Acuamanala de Miguel Hidalgo',''),(2079,29,'023','Natívitas',''),(2080,29,'024','Panotla',''),(2081,29,'025','San Pablo del Monte',''),(2082,29,'026','Santa Cruz Tlaxcala',''),(2083,29,'027','Tenancingo',''),(2084,29,'028','Teolocholco',''),(2085,29,'029','Tepeyanco',''),(2086,29,'030','Terrenate',''),(2087,29,'031','Tetla de la Solidaridad',''),(2088,29,'032','Tetlatlahuca',''),(2089,29,'033','Tlaxcala',''),(2090,29,'034','Tlaxco',''),(2091,29,'035','Tocatlán',''),(2092,29,'036','Totolac',''),(2093,29,'037','Ziltlaltépec de Trinidad Sánchez Santos',''),(2094,29,'038','Tzompantepec',''),(2095,29,'039','Xaloztoc',''),(2096,29,'040','Xaltocan',''),(2097,29,'041','Papalotla de Xicohténcatl',''),(2098,29,'042','Xicohtzinco',''),(2099,29,'043','Yauhquemehcan',''),(2100,29,'044','Zacatelco',''),(2101,29,'045','Benito Juárez',''),(2102,29,'046','Emiliano Zapata',''),(2103,29,'047','Lázaro Cárdenas',''),(2104,29,'048','La Magdalena Tlaltelulco',''),(2105,29,'049','San Damián Texóloc',''),(2106,29,'050','San Francisco Tetlanohcan',''),(2107,29,'051','San Jerónimo Zacualpan',''),(2108,29,'052','San José Teacalco',''),(2109,29,'053','San Juan Huactzinco',''),(2110,29,'054','San Lorenzo Axocomanitla',''),(2111,29,'055','San Lucas Tecopilco',''),(2112,29,'056','Santa Ana Nopalucan',''),(2113,29,'057','Santa Apolonia Teacalco',''),(2114,29,'058','Santa Catarina Ayometla',''),(2115,29,'059','Santa Cruz Quilehtla',''),(2116,29,'060','Santa Isabel Xiloxoxtla',''),(2117,30,'001','Acajete',''),(2118,30,'002','Acatlán',''),(2119,30,'003','Acayucan',''),(2120,30,'004','Actopan',''),(2121,30,'005','Acula',''),(2122,30,'006','Acultzingo',''),(2123,30,'007','Camarón de Tejeda',''),(2124,30,'008','Alpatláhuac',''),(2125,30,'009','Alto Lucero de Gutiérrez Barrios',''),(2126,30,'010','Altotonga',''),(2127,30,'011','Alvarado',''),(2128,30,'012','Amatitlán',''),(2129,30,'013','Naranjos Amatlán',''),(2130,30,'014','Amatlán de los Reyes',''),(2131,30,'015','Angel R. Cabada',''),(2132,30,'016','La Antigua',''),(2133,30,'017','Apazapan',''),(2134,30,'018','Aquila',''),(2135,30,'019','Astacinga',''),(2136,30,'020','Atlahuilco',''),(2137,30,'021','Atoyac',''),(2138,30,'022','Atzacan',''),(2139,30,'023','Atzalan',''),(2140,30,'024','Tlaltetela',''),(2141,30,'025','Ayahualulco',''),(2142,30,'026','Banderilla',''),(2143,30,'027','Benito Juárez',''),(2144,30,'028','Boca del Río',''),(2145,30,'029','Calcahualco',''),(2146,30,'030','Camerino Z. Mendoza',''),(2147,30,'031','Carrillo Puerto',''),(2148,30,'032','Catemaco',''),(2149,30,'033','Cazones de Herrera',''),(2150,30,'034','Cerro Azul',''),(2151,30,'035','Citlaltépetl',''),(2152,30,'036','Coacoatzintla',''),(2153,30,'037','Coahuitlán',''),(2154,30,'038','Coatepec',''),(2155,30,'039','Coatzacoalcos',''),(2156,30,'040','Coatzintla',''),(2157,30,'041','Coetzala',''),(2158,30,'042','Colipa',''),(2159,30,'043','Comapa',''),(2160,30,'044','Córdoba',''),(2161,30,'045','Cosamaloapan de Carpio',''),(2162,30,'046','Cosautlán de Carvajal',''),(2163,30,'047','Coscomatepec',''),(2164,30,'048','Cosoleacaque',''),(2165,30,'049','Cotaxtla',''),(2166,30,'050','Coxquihui',''),(2167,30,'051','Coyutla',''),(2168,30,'052','Cuichapa',''),(2169,30,'053','Cuitláhuac',''),(2170,30,'054','Chacaltianguis',''),(2171,30,'055','Chalma',''),(2172,30,'056','Chiconamel',''),(2173,30,'057','Chiconquiaco',''),(2174,30,'058','Chicontepec',''),(2175,30,'059','Chinameca',''),(2176,30,'060','Chinampa de Gorostiza',''),(2177,30,'061','Las Choapas',''),(2178,30,'062','Chocamán',''),(2179,30,'063','Chontla',''),(2180,30,'064','Chumatlán',''),(2181,30,'065','Emiliano Zapata',''),(2182,30,'066','Espinal',''),(2183,30,'067','Filomeno Mata',''),(2184,30,'068','Fortín',''),(2185,30,'069','Gutiérrez Zamora',''),(2186,30,'070','Hidalgotitlán',''),(2187,30,'071','Huatusco',''),(2188,30,'072','Huayacocotla',''),(2189,30,'073','Hueyapan de Ocampo',''),(2190,30,'074','Huiloapan de Cuauhtémoc',''),(2191,30,'075','Ignacio de la Llave',''),(2192,30,'076','Ilamatlán',''),(2193,30,'077','Isla',''),(2194,30,'078','Ixcatepec',''),(2195,30,'079','Ixhuacán de los Reyes',''),(2196,30,'080','Ixhuatlán del Café',''),(2197,30,'081','Ixhuatlancillo',''),(2198,30,'082','Ixhuatlán del Sureste',''),(2199,30,'083','Ixhuatlán de Madero',''),(2200,30,'084','Ixmatlahuacan',''),(2201,30,'085','Ixtaczoquitlán',''),(2202,30,'086','Jalacingo',''),(2203,30,'087','Xalapa',''),(2204,30,'088','Jalcomulco',''),(2205,30,'089','Jáltipan',''),(2206,30,'090','Jamapa',''),(2207,30,'091','Jesús Carranza',''),(2208,30,'092','Xico',''),(2209,30,'093','Jilotepec',''),(2210,30,'094','Juan Rodríguez Clara',''),(2211,30,'095','Juchique de Ferrer',''),(2212,30,'096','Landero y Coss',''),(2213,30,'097','Lerdo de Tejada',''),(2214,30,'098','Magdalena',''),(2215,30,'099','Maltrata',''),(2216,30,'100','Manlio Fabio Altamirano',''),(2217,30,'101','Mariano Escobedo',''),(2218,30,'102','Martínez de la Torre',''),(2219,30,'103','Mecatlán',''),(2220,30,'104','Mecayapan',''),(2221,30,'105','Medellín',''),(2222,30,'106','Miahuatlán',''),(2223,30,'107','Las Minas',''),(2224,30,'108','Minatitlán',''),(2225,30,'109','Misantla',''),(2226,30,'110','Mixtla de Altamirano',''),(2227,30,'111','Moloacán',''),(2228,30,'112','Naolinco',''),(2229,30,'113','Naranjal',''),(2230,30,'114','Nautla',''),(2231,30,'115','Nogales',''),(2232,30,'116','Oluta',''),(2233,30,'117','Omealca',''),(2234,30,'118','Orizaba',''),(2235,30,'119','Otatitlán',''),(2236,30,'120','Oteapan',''),(2237,30,'121','Ozuluama de Mascareñas',''),(2238,30,'122','Pajapan',''),(2239,30,'123','Pánuco',''),(2240,30,'124','Papantla',''),(2241,30,'125','Paso del Macho',''),(2242,30,'126','Paso de Ovejas',''),(2243,30,'127','La Perla',''),(2244,30,'128','Perote',''),(2245,30,'129','Platón Sánchez',''),(2246,30,'130','Playa Vicente',''),(2247,30,'131','Poza Rica de Hidalgo',''),(2248,30,'132','Las Vigas de Ramírez',''),(2249,30,'133','Pueblo Viejo',''),(2250,30,'134','Puente Nacional',''),(2251,30,'135','Rafael Delgado',''),(2252,30,'136','Rafael Lucio',''),(2253,30,'137','Los Reyes',''),(2254,30,'138','Río Blanco',''),(2255,30,'139','Saltabarranca',''),(2256,30,'140','San Andrés Tenejapan',''),(2257,30,'141','San Andrés Tuxtla',''),(2258,30,'142','San Juan Evangelista',''),(2259,30,'143','Santiago Tuxtla',''),(2260,30,'144','Sayula de Alemán',''),(2261,30,'145','Soconusco',''),(2262,30,'146','Sochiapa',''),(2263,30,'147','Soledad Atzompa',''),(2264,30,'148','Soledad de Doblado',''),(2265,30,'149','Soteapan',''),(2266,30,'150','Tamalín',''),(2267,30,'151','Tamiahua',''),(2268,30,'152','Tampico Alto',''),(2269,30,'153','Tancoco',''),(2270,30,'154','Tantima',''),(2271,30,'155','Tantoyuca',''),(2272,30,'156','Tatatila',''),(2273,30,'157','Castillo de Teayo',''),(2274,30,'158','Tecolutla',''),(2275,30,'159','Tehuipango',''),(2276,30,'160','Álamo Temapache',''),(2277,30,'161','Tempoal',''),(2278,30,'162','Tenampa',''),(2279,30,'163','Tenochtitlán',''),(2280,30,'164','Teocelo',''),(2281,30,'165','Tepatlaxco',''),(2282,30,'166','Tepetlán',''),(2283,30,'167','Tepetzintla',''),(2284,30,'168','Tequila',''),(2285,30,'169','José Azueta',''),(2286,30,'170','Texcatepec',''),(2287,30,'171','Texhuacán',''),(2288,30,'172','Texistepec',''),(2289,30,'173','Tezonapa',''),(2290,30,'174','Tierra Blanca',''),(2291,30,'175','Tihuatlán',''),(2292,30,'176','Tlacojalpan',''),(2293,30,'177','Tlacolulan',''),(2294,30,'178','Tlacotalpan',''),(2295,30,'179','Tlacotepec de Mejía',''),(2296,30,'180','Tlachichilco',''),(2297,30,'181','Tlalixcoyan',''),(2298,30,'182','Tlalnelhuayocan',''),(2299,30,'183','Tlapacoyan',''),(2300,30,'184','Tlaquilpa',''),(2301,30,'185','Tlilapan',''),(2302,30,'186','Tomatlán',''),(2303,30,'187','Tonayán',''),(2304,30,'188','Totutla',''),(2305,30,'189','Tuxpan',''),(2306,30,'190','Tuxtilla',''),(2307,30,'191','Ursulo Galván',''),(2308,30,'192','Vega de Alatorre',''),(2309,30,'193','Veracruz',''),(2310,30,'194','Villa Aldama',''),(2311,30,'195','Xoxocotla',''),(2312,30,'196','Yanga',''),(2313,30,'197','Yecuatla',''),(2314,30,'198','Zacualpan',''),(2315,30,'199','Zaragoza',''),(2316,30,'200','Zentla',''),(2317,30,'201','Zongolica',''),(2318,30,'202','Zontecomatlán de López y Fuentes',''),(2319,30,'203','Zozocolco de Hidalgo',''),(2320,30,'204','Agua Dulce',''),(2321,30,'205','El Higo',''),(2322,30,'206','Nanchital de Lázaro Cárdenas del Río',''),(2323,30,'207','Tres Valles',''),(2324,30,'208','Carlos A. Carrillo',''),(2325,30,'209','Tatahuicapan de Juárez',''),(2326,30,'210','Uxpanapa',''),(2327,30,'211','San Rafael',''),(2328,30,'212','Santiago Sochiapan',''),(2329,31,'001','Abalá',''),(2330,31,'002','Acanceh',''),(2331,31,'003','Akil',''),(2332,31,'004','Baca',''),(2333,31,'005','Bokobá',''),(2334,31,'006','Buctzotz',''),(2335,31,'007','Cacalchén',''),(2336,31,'008','Calotmul',''),(2337,31,'009','Cansahcab',''),(2338,31,'010','Cantamayec',''),(2339,31,'011','Celestún',''),(2340,31,'012','Cenotillo',''),(2341,31,'013','Conkal',''),(2342,31,'014','Cuncunul',''),(2343,31,'015','Cuzamá',''),(2344,31,'016','Chacsinkín',''),(2345,31,'017','Chankom',''),(2346,31,'018','Chapab',''),(2347,31,'019','Chemax',''),(2348,31,'020','Chicxulub Pueblo',''),(2349,31,'021','Chichimilá',''),(2350,31,'022','Chikindzonot',''),(2351,31,'023','Chocholá',''),(2352,31,'024','Chumayel',''),(2353,31,'025','Dzán',''),(2354,31,'026','Dzemul',''),(2355,31,'027','Dzidzantún',''),(2356,31,'028','Dzilam de Bravo',''),(2357,31,'029','Dzilam González',''),(2358,31,'030','Dzitás',''),(2359,31,'031','Dzoncauich',''),(2360,31,'032','Espita',''),(2361,31,'033','Halachó',''),(2362,31,'034','Hocabá',''),(2363,31,'035','Hoctún',''),(2364,31,'036','Homún',''),(2365,31,'037','Huhí',''),(2366,31,'038','Hunucmá',''),(2367,31,'039','Ixil',''),(2368,31,'040','Izamal',''),(2369,31,'041','Kanasín',''),(2370,31,'042','Kantunil',''),(2371,31,'043','Kaua',''),(2372,31,'044','Kinchil',''),(2373,31,'045','Kopomá',''),(2374,31,'046','Mama',''),(2375,31,'047','Maní',''),(2376,31,'048','Maxcanú',''),(2377,31,'049','Mayapán',''),(2378,31,'050','Mérida',''),(2379,31,'051','Mocochá',''),(2380,31,'052','Motul',''),(2381,31,'053','Muna',''),(2382,31,'054','Muxupip',''),(2383,31,'055','Opichén',''),(2384,31,'056','Oxkutzcab',''),(2385,31,'057','Panabá',''),(2386,31,'058','Peto',''),(2387,31,'059','Progreso',''),(2388,31,'060','Quintana Roo',''),(2389,31,'061','Río Lagartos',''),(2390,31,'062','Sacalum',''),(2391,31,'063','Samahil',''),(2392,31,'064','Sanahcat',''),(2393,31,'065','San Felipe',''),(2394,31,'066','Santa Elena',''),(2395,31,'067','Seyé',''),(2396,31,'068','Sinanché',''),(2397,31,'069','Sotuta',''),(2398,31,'070','Sucilá',''),(2399,31,'071','Sudzal',''),(2400,31,'072','Suma',''),(2401,31,'073','Tahdziú',''),(2402,31,'074','Tahmek',''),(2403,31,'075','Teabo',''),(2404,31,'076','Tecoh',''),(2405,31,'077','Tekal de Venegas',''),(2406,31,'078','Tekantó',''),(2407,31,'079','Tekax',''),(2408,31,'080','Tekit',''),(2409,31,'081','Tekom',''),(2410,31,'082','Telchac Pueblo',''),(2411,31,'083','Telchac Puerto',''),(2412,31,'084','Temax',''),(2413,31,'085','Temozón',''),(2414,31,'086','Tepakán',''),(2415,31,'087','Tetiz',''),(2416,31,'088','Teya',''),(2417,31,'089','Ticul',''),(2418,31,'090','Timucuy',''),(2419,31,'091','Tinum',''),(2420,31,'092','Tixcacalcupul',''),(2421,31,'093','Tixkokob',''),(2422,31,'094','Tixmehuac',''),(2423,31,'095','Tixpéhual',''),(2424,31,'096','Tizimín',''),(2425,31,'097','Tunkás',''),(2426,31,'098','Tzucacab',''),(2427,31,'099','Uayma',''),(2428,31,'100','Ucú',''),(2429,31,'101','Umán',''),(2430,31,'102','Valladolid',''),(2431,31,'103','Xocchel',''),(2432,31,'104','Yaxcabá',''),(2433,31,'105','Yaxkukul',''),(2434,31,'106','Yobaín',''),(2435,32,'001','Apozol',''),(2436,32,'002','Apulco',''),(2437,32,'003','Atolinga',''),(2438,32,'004','Benito Juárez',''),(2439,32,'005','Calera',''),(2440,32,'006','Cañitas de Felipe Pescador',''),(2441,32,'007','Concepción del Oro',''),(2442,32,'008','Cuauhtémoc',''),(2443,32,'009','Chalchihuites',''),(2444,32,'010','Fresnillo',''),(2445,32,'011','Trinidad García de la Cadena',''),(2446,32,'012','Genaro Codina',''),(2447,32,'013','General Enrique Estrada',''),(2448,32,'014','General Francisco R. Murguía',''),(2449,32,'015','El Plateado de Joaquín Amaro',''),(2450,32,'016','General Pánfilo Natera',''),(2451,32,'017','Guadalupe',''),(2452,32,'018','Huanusco',''),(2453,32,'019','Jalpa',''),(2454,32,'020','Jerez',''),(2455,32,'021','Jiménez del Teul',''),(2456,32,'022','Juan Aldama',''),(2457,32,'023','Juchipila',''),(2458,32,'024','Loreto',''),(2459,32,'025','Luis Moya',''),(2460,32,'026','Mazapil',''),(2461,32,'027','Melchor Ocampo',''),(2462,32,'028','Mezquital del Oro',''),(2463,32,'029','Miguel Auza',''),(2464,32,'030','Momax',''),(2465,32,'031','Monte Escobedo',''),(2466,32,'032','Morelos',''),(2467,32,'033','Moyahua de Estrada',''),(2468,32,'034','Nochistlán de Mejía',''),(2469,32,'035','Noria de Ángeles',''),(2470,32,'036','Ojocaliente',''),(2471,32,'037','Pánuco',''),(2472,32,'038','Pinos',''),(2473,32,'039','Río Grande',''),(2474,32,'040','Sain Alto',''),(2475,32,'041','El Salvador',''),(2476,32,'042','Sombrerete',''),(2477,32,'043','Susticacán',''),(2478,32,'044','Tabasco',''),(2479,32,'045','Tepechitlán',''),(2480,32,'046','Tepetongo',''),(2481,32,'047','Teúl de González Ortega',''),(2482,32,'048','Tlaltenango de Sánchez Román',''),(2483,32,'049','Valparaíso',''),(2484,32,'050','Vetagrande',''),(2485,32,'051','Villa de Cos',''),(2486,32,'052','Villa García',''),(2487,32,'053','Villa González Ortega',''),(2488,32,'054','Villa Hidalgo',''),(2489,32,'055','Villanueva',''),(2490,32,'056','Zacatecas',''),(2491,32,'057','Trancoso',''),(2492,32,'058','Santa María de la Paz','');
/*!40000 ALTER TABLE `iplan_municipios` ENABLE KEYS */;
UNLOCK TABLES;

--
-- Table structure for table `iplan_opciones`
--

DROP TABLE IF EXISTS `iplan_opciones`;
/*!40101 SET @saved_cs_client     = @@character_set_client */;
/*!40101 SET character_set_client = utf8 */;
CREATE TABLE `iplan_opciones` (
  `iIdOpcion` int(10) NOT NULL AUTO_INCREMENT,
  `vOpcion` varchar(400) CHARACTER SET latin1 NOT NULL,
  `iOtro` tinyint(1) NOT NULL DEFAULT '0',
  `iTipoR` tinyint(1) NOT NULL DEFAULT '0' COMMENT '0= Opción múltiple, 1=Dicotómica, 2=Pregunta abierta',
  `iActivo` tinyint(1) DEFAULT '1',
  `iIdPregunta` int(10) NOT NULL DEFAULT '0',
  `vValor` int(2) NOT NULL DEFAULT '0' COMMENT 'Máximo 3 pts',
  PRIMARY KEY (`iIdOpcion`)
) ENGINE=InnoDB AUTO_INCREMENT=1184 DEFAULT CHARSET=utf8;
/*!40101 SET character_set_client = @saved_cs_client */;

--
-- Dumping data for table `iplan_opciones`
--

LOCK TABLES `iplan_opciones` WRITE;
/*!40000 ALTER TABLE `iplan_opciones` DISABLE KEYS */;
INSERT INTO `iplan_opciones` VALUES (634,'Acapulco',0,0,1,128,0),(635,'Aguascalientes ',0,0,1,128,1),(636,'Baja California Sur',0,0,1,128,2),(637,'Campeche',0,0,1,128,3),(638,'Celaya',0,0,1,128,-1),(639,'Chetumal',0,0,1,128,-1),(640,'Chiapas',0,0,1,128,-1),(641,'Chihuahua',0,0,1,128,-1),(642,'Chilpancingo',0,0,1,128,-1),(643,'Ciudad de México',0,0,1,128,-1),(644,'Ciudad Delicias',0,0,1,128,-1),(645,'Ciudad Juárez',0,0,1,128,-1),(646,'Ciudad Obregón',0,0,1,128,-1),(647,'Ciudad Victoria',0,0,1,128,-1),(648,'Coahuila Sureste',0,0,1,128,-1),(649,'Colima',0,0,1,128,-1),(650,'Costa de Chiapas',0,0,1,128,-1),(651,'Cozumel',0,0,1,128,-1),(652,'Cuauhtemoc',0,0,1,128,-1),(653,'Durango',0,0,1,128,-1),(654,'Ensenada',0,0,1,128,-1),(655,'Estado de México',0,0,1,128,-1),(656,'Estado de México Oriente',0,0,1,128,-1),(657,'Guasave',0,0,1,128,-1),(658,'Hidalgo',0,0,1,128,-1),(659,'Hidalgo del Parral',0,0,1,128,-1),(660,'Irapuato',0,0,1,128,-1),(661,'Jalisco',0,0,1,128,-1),(662,'Laguna',0,0,1,128,-1),(663,'León',0,0,1,128,-1),(664,'Manzanillo',0,0,1,128,-1),(665,'Matamoros',0,0,1,128,-1),(666,'Matehuala',0,0,1,128,-1),(667,'Mazatlán',0,0,1,128,-1),(668,'Mérida',0,0,1,128,-1),(669,'Metropolitano',0,0,1,128,-1),(670,'Mexicali',0,0,1,128,-1),(671,'Michoacán',0,0,1,128,-1),(672,'Morelos',0,0,1,128,-1),(673,'Navojoa',0,0,1,128,-1),(674,'Nayarit',0,0,1,128,-1),(675,'Norte de Sonora',0,0,1,128,-1),(676,'Nuevo Casas Grande',0,0,1,128,-1),(677,'Nuevo Laredo',0,0,1,128,-1),(678,'Nuevo León',0,0,1,128,-1),(679,'Oaxaca',0,0,1,128,-1),(680,'Puebla',0,0,1,128,-1),(681,'Puerto Vallarta',0,0,1,128,-1),(682,'Querétaro',0,0,1,128,-1),(683,'Quintana Roo',0,0,1,128,-1),(684,'Reynosa',0,0,1,128,-1),(685,'San Luis Potosí',0,0,1,128,-1),(686,'San Martín',0,0,1,128,-1),(687,'Sinaloa',0,0,1,128,-1),(688,'Tabasco',0,0,1,128,-1),(689,'Tampico',0,0,1,128,-1),(690,'Tehuacán',0,0,1,128,-1),(691,'Tepatitlán',0,0,1,128,-1),(692,'Tijuana',0,0,1,128,-1),(693,'Tlaxcala',0,0,1,128,-1),(694,'Valladolid',0,0,1,128,-1),(695,'Valle del Fuerte',0,0,1,128,-1),(696,'Veracruz',0,0,1,128,-1),(697,'Jalapa',0,0,1,128,-1),(698,'Zacatecas',0,0,1,128,-1),(699,'Agricultura o Ganadería',0,0,1,129,0),(700,'Minería',0,0,1,129,1),(701,'Electricidad',0,0,1,129,2),(702,'Construcción',0,0,1,129,3),(703,'Manufacturas',0,0,1,129,-1),(704,'Comercio',0,0,1,129,-1),(705,'Transporte',0,0,1,129,-1),(706,'Medios de comunicación',0,0,1,129,-1),(707,'Sector Financiero',0,0,1,129,-1),(708,'Sector Inmobiliario ',0,0,1,129,-1),(709,'Servicios Profesionales',0,0,1,129,-1),(710,'Servicios Educativos',0,0,1,129,-1),(711,'Servicios de Salud',0,0,1,129,-1),(712,'Servicios Culturales',0,0,1,129,-1),(713,'Alojamiento temporal',0,0,1,129,-1),(714,'Restaurantes',0,0,1,129,-1),(715,'0 a 10 personas',0,0,1,130,0),(716,'11 a 50 personas',0,0,1,130,1),(717,'51 a 100 personas',0,0,1,130,2),(718,'101 a 250 personas',0,0,1,130,3),(719,'más de 250 personas',0,0,1,130,-1),(720,'Aguascalientes',0,0,1,131,0),(721,'Baja California',0,0,1,131,1),(722,'Baja California Sur',0,0,1,131,2),(723,'Campeche',0,0,1,131,3),(724,'Ciudad de México',0,0,1,131,-1),(725,'Coahuila',0,0,1,131,-1),(726,'Colima',0,0,1,131,-1),(727,'Chiapas',0,0,1,131,-1),(728,'Chihuahua',0,0,1,131,-1),(729,'Durango',0,0,1,131,-1),(730,'Guanajuato',0,0,1,131,-1),(731,'Guerrero',0,0,1,131,-1),(732,'Hidalgo',0,0,1,131,-1),(733,'Jalisco',0,0,1,131,-1),(734,'México',0,0,1,131,-1),(735,'Michoacán',0,0,1,131,-1),(736,'Morelos',0,0,1,131,-1),(737,'Nayarit',0,0,1,131,-1),(738,'Nuevo León',0,0,1,131,-1),(739,'Oaxaca',0,0,1,131,-1),(740,'Puebla',0,0,1,131,-1),(741,'Querétaro',0,0,1,131,-1),(742,'Quintana Roo',0,0,1,131,-1),(743,'San Luis Potosí',0,0,1,131,-1),(744,'Sinaloa',0,0,1,131,-1),(745,'Sonora',0,0,1,131,-1),(746,'Tabasco',0,0,1,131,-1),(747,'Tamaulipas',0,0,1,131,-1),(748,'Tlaxcala',0,0,1,131,-1),(749,'Veracruz',0,0,1,131,-1),(750,'Yucatán',0,0,1,131,-1),(751,'Zacatecas',0,0,1,131,-1),(752,'Disminución de las ventas',0,0,1,132,0),(753,'Problemas en la cadena de suministro',0,0,1,132,1),(754,'Liquidez para asumir los principales gastos de la empresa, incluida la nómina',0,0,1,132,2),(755,'Ausentismo laboral',0,0,1,132,3),(756,'Casos confirmados de Coronavirus en los empleados de la empresa',0,0,1,132,-1),(757,'Cierre de Operaciones',0,0,1,132,-1),(758,'Opcion 1',0,0,0,133,0),(759,'Opcion 2',0,0,0,133,1),(760,'Opcion 3',0,0,0,133,2),(761,'Opcion 4',0,0,1,133,3),(762,'No ha cambiado',0,0,1,134,0),(763,'10%-20%',0,0,1,134,1),(764,'20%-50%',0,0,1,134,2),(765,'50%-80%',0,0,1,134,3),(766,'Más de 80%',0,0,1,134,-1),(767,'Sí',0,0,1,135,0),(768,'Opcion 2',0,0,0,135,1),(769,'Opcion 3',0,0,0,135,2),(770,'No',0,0,1,135,3),(771,'Sí',0,0,1,136,0),(772,'Opcion 2',0,0,0,136,1),(773,'Opcion 3',0,0,0,136,2),(774,'No',0,0,1,136,3),(775,'Opcion 1',0,0,0,137,0),(776,'Opcion 2',0,0,0,137,1),(777,'Opcion 3',0,0,0,137,2),(778,'Opcion 4',0,0,1,137,3),(779,'Entre 4 y 8 semanas',0,0,1,138,0),(780,'El resto del año 2020',0,0,1,138,1),(781,'Hasta la primera mitad de 2021',0,0,1,138,2),(782,'Otro',0,0,1,138,3),(783,'Opcion 1',0,0,0,139,0),(784,'Opcion 2',0,0,0,139,1),(785,'Opcion 3',0,0,0,139,2),(786,'Opcion 4',0,0,1,139,3),(787,'1',0,0,1,140,0),(788,'2',0,0,1,140,1),(789,'3',0,0,1,140,2),(790,'4',0,0,1,140,3),(791,'5',0,0,1,140,-1),(792,'Acelerar los procesos de devolución del IVA y restaurar la compensación universal, al menos para el 2020.',0,0,1,141,0),(793,'Diferir las Contribuciones Obrero-Patronal (COP)',0,0,1,141,1),(794,'Ajuste de pagos provisionales mensuales con base en los ingresos nominales de 2020 y el coeficiente de utilidad de 2019',0,0,1,141,2),(795,'Diferir pagos provisionales de ISR',0,0,1,141,3),(796,'Deducción al 100% de prestaciones laborales',0,0,1,141,-1),(797,'Diferimiento temporal de pago de servicios proporcionados por el Estado (agua y luz), así como el pago de impuestos locales',0,0,1,141,-1),(798,'Deducción familiar adicional por única ocasión para incentivar el consumo',0,0,1,141,-1),(799,'Créditos accesibles para todas las PyMEs con garantías de la banca de desarrollo',0,0,1,141,-1),(800,'Acuerdo entre trabajadores, patrones y gobierno para establecer un salario solidario',0,0,1,141,-1),(801,'Opcion 1',0,0,0,142,0),(802,'Opcion 2',0,0,0,142,1),(803,'Opcion 3',0,0,0,142,2),(804,'Opcion 4',0,0,1,142,3),(806,'Opcion 2',0,0,0,143,1),(807,'Opcion 3',0,0,0,143,2),(809,'Sí',0,0,1,144,0),(810,'Opcion 2',0,0,0,144,1),(811,'Opcion 3',0,0,0,144,2),(812,'No',0,0,1,144,3),(813,'SI',0,0,1,145,0),(814,'Opcion 2',0,0,0,145,1),(815,'Opcion 3',0,0,0,145,2),(816,'NO',0,0,1,145,3),(817,'SI',0,0,1,146,0),(818,'Opcion 2',0,0,0,146,1),(819,'Opcion 3',0,0,0,146,2),(820,'NO',0,0,1,146,3),(821,'SI',0,0,1,147,0),(822,'Opcion 2',0,0,0,147,1),(823,'Opcion 3',0,0,0,147,2),(824,'NO',0,0,1,147,3),(825,'Opcion 1',0,0,1,148,0),(826,'Opcion 2',0,0,0,148,1),(827,'Opcion 3',0,0,0,148,2),(828,'Opcion 4',0,0,1,148,3),(829,'SI',0,0,1,149,0),(830,'Opcion 2',0,0,0,149,1),(831,'Opcion 3',0,0,0,149,2),(832,'NO',0,0,1,149,3),(833,'Opcion 1',0,0,1,150,0),(834,'Opcion 2',0,0,1,150,1),(835,'Opcion 3',0,0,1,150,2),(836,'Opcion 4',0,0,1,150,3),(837,'Opcion 1',0,0,1,151,0),(838,'Opcion 2',0,0,0,151,1),(839,'Opcion 3',0,0,0,151,2),(840,'Opcion 4',0,0,1,151,3),(841,'Opcion 1',0,0,1,152,0),(842,'Opcion 2',0,0,1,152,1),(843,'Opcion 3',0,0,1,152,2),(844,'Opcion 4',0,0,1,152,3),(845,'Opcion 1',0,0,0,153,0),(846,'Opcion 2',0,0,0,153,1),(847,'Opcion 3',0,0,0,153,2),(848,'Opcion 4',0,0,1,153,3),(849,'Opcion 1',0,0,0,154,0),(850,'Opcion 2',0,0,0,154,1),(851,'Opcion 3',0,0,0,154,2),(852,'Opcion 4',0,0,1,154,3),(853,'Opcion 1',0,0,0,155,0),(854,'Opcion 2',0,0,0,155,1),(855,'Opcion 3',0,0,0,155,2),(856,'Opcion 4',0,0,1,155,3),(857,'Opcion 1',0,0,0,156,0),(858,'Opcion 2',0,0,0,156,1),(859,'Opcion 3',0,0,0,156,2),(860,'Opcion 4',0,0,1,156,3),(861,'Opcion 1',0,0,1,157,0),(862,'Opcion 2',0,0,1,157,1),(863,'Opcion 3',0,0,1,157,2),(864,'Opcion 4',0,0,1,157,3),(865,'Opción A',0,0,1,158,0),(866,'Opcion 2',0,0,0,158,1),(867,'Opcion 3',0,0,0,158,2),(868,'Opción B',0,0,1,158,3),(869,'Opcion A',0,0,1,159,0),(870,'Opcion 2',0,0,0,159,1),(871,'Opcion 3',0,0,0,159,2),(872,'Opcion B',0,0,1,159,3),(873,'Opcion 1',0,0,1,160,0),(874,'Opcion 2',0,0,0,160,1),(875,'Opcion 3',0,0,0,160,2),(876,'Opcion 4',0,0,1,160,3),(877,'Opcion a)',0,0,1,161,0),(878,'Opcion 2',0,0,0,161,1),(879,'Opcion 3',0,0,0,161,2),(880,'Opcion b)',0,0,1,161,3),(881,'Opcion 1',0,0,1,162,0),(882,'Opcion 2',0,0,1,162,1),(883,'Opcion 3',0,0,1,162,2),(884,'Opcion 4',0,0,1,162,3),(885,'Opcion 1',0,0,1,163,0),(886,'Opcion 2',0,0,0,163,1),(887,'Opcion 3',0,0,0,163,2),(888,'Opcion 2',0,0,1,163,3),(889,'Opcion 1',0,0,1,164,0),(890,'Opcion 2',0,0,0,164,1),(891,'Opcion 3',0,0,0,164,2),(892,'Opcion 2',0,0,1,164,3),(893,'Opcion 1',0,0,1,165,0),(894,'Opcion 2',0,0,1,165,1),(895,'Opcion 3',0,0,1,165,2),(896,'Opcion 4',0,0,1,165,3),(897,'Opcion 1',0,0,1,166,0),(898,'Opcion 2',0,0,0,166,1),(899,'Opcion 3',0,0,0,166,2),(900,'Opcion 2',0,0,1,166,3),(901,'Opcion 1',0,0,1,167,0),(902,'Opcion 2',0,0,1,167,1),(903,'Opcion 3',0,0,1,167,2),(904,'Opcion 4',0,0,1,167,3),(905,'Opcion 1',0,0,1,168,0),(906,'Opcion 2',0,0,1,168,1),(907,'Opcion 3',0,0,1,168,2),(908,'Opcion 4',0,0,1,168,3),(909,'Opcion 1',0,0,0,169,0),(910,'Opcion 2',0,0,0,169,1),(911,'Opcion 3',0,0,0,169,2),(912,'Opcion 4',0,0,1,169,3),(913,'Opcion 1',0,0,1,170,0),(914,'Opcion 2',0,0,0,170,1),(915,'Opcion 3',0,0,0,170,2),(916,'Opcion 2',0,0,1,170,3),(917,'Opcion 1',0,0,1,171,0),(918,'Opcion 2',0,0,0,171,1),(919,'Opcion 3',0,0,0,171,2),(920,'Opcion 2',0,0,1,171,3),(921,'Opcion 1',0,0,1,172,0),(922,'Opcion 2',0,0,1,172,1),(923,'Opcion 3',0,0,1,172,2),(924,'Opcion 4',0,0,1,172,3),(925,'Opcion 1',0,0,1,173,0),(926,'Opcion 2',0,0,1,173,1),(927,'Opcion 3',0,0,1,173,2),(928,'Opcion 4',0,0,1,173,3),(929,'SI',0,0,1,174,0),(930,'Opcion 2',0,0,0,174,1),(931,'Opcion 3',0,0,0,174,2),(932,'NO',0,0,1,174,3),(933,'Opcion 1',0,0,0,175,0),(934,'Opcion 2',0,0,0,175,1),(935,'Opcion 3',0,0,0,175,2),(936,'Opcion 4',0,0,1,175,3),(937,'SI',0,0,1,176,0),(938,'Opcion 2',0,0,0,176,1),(939,'Opcion 3',0,0,0,176,2),(940,'NO',0,0,1,176,3),(941,'Opcion 1',0,0,0,177,0),(942,'Opcion 2',0,0,0,177,1),(943,'Opcion 3',0,0,0,177,2),(944,'Opcion 4',0,0,1,177,3),(945,'Coparmex Nacional',0,0,1,178,0),(946,'Centro Empresarial',0,0,1,178,1),(947,'Opcion 3',0,0,1,178,2),(948,'Opcion 4',0,0,1,178,3),(949,'Coparmex NACIONAL',0,0,1,179,0),(950,'Centro Empresarial',0,0,0,179,1),(951,'Opcion 3',0,0,0,179,2),(952,'Centro Empresarial',0,0,1,179,3),(953,'Opcion 1',0,0,1,180,0),(954,'Opcion 2',0,0,1,180,1),(955,'Opcion 3',0,0,1,180,2),(956,'Opcion 4',0,0,1,180,3),(957,'',0,0,1,180,-1),(958,'',0,0,1,180,-1),(959,'',0,0,1,180,-1),(960,'',0,0,1,180,-1),(961,'',0,0,1,180,-1),(962,'',0,0,1,180,-1),(963,'',0,0,1,180,-1),(964,'',0,0,1,180,-1),(965,'',0,0,1,180,-1),(966,'',0,0,1,180,-1),(967,'',0,0,1,180,-1),(968,'',0,0,1,180,-1),(969,'',0,0,1,180,-1),(970,'',0,0,1,180,-1),(971,'',0,0,1,180,-1),(972,'',0,0,1,180,-1),(973,'',0,0,1,180,-1),(974,'',0,0,1,180,-1),(975,'',0,0,1,180,-1),(976,'',0,0,1,180,-1),(977,'',0,0,1,180,-1),(978,'',0,0,1,180,-1),(979,'',0,0,1,180,-1),(980,'',0,0,1,180,-1),(981,'',0,0,1,180,-1),(982,'',0,0,1,180,-1),(983,'',0,0,1,180,-1),(984,'',0,0,1,180,-1),(985,'Socio de Coparmex Nacional',0,0,1,181,0),(986,'Opcion 2',0,0,0,181,1),(987,'Opcion 3',0,0,0,181,2),(988,'Socio de un  Centro Empresarial',0,0,1,181,3),(989,'Acapulco',0,0,1,182,0),(990,'Aguascalientes',0,0,1,182,1),(991,'Baja California Sur',0,0,1,182,2),(992,'Campeche',0,0,1,182,3),(993,'Celaya',0,0,1,182,-1),(994,'Chetumal ',0,0,1,182,-1),(995,'Chiapas',0,0,1,182,-1),(996,'Chihuahua',0,0,1,182,-1),(997,'Chilpancingo',0,0,1,182,-1),(998,'Ciudad de México',0,0,1,182,-1),(999,'Ciudad Delicias',0,0,1,182,-1),(1000,'Ciudad Juárez ',0,0,1,182,-1),(1001,'Ciudad Obregón',0,0,1,182,-1),(1002,'Ciudad Victoria ',0,0,1,182,-1),(1003,'Coahuila Sureste',0,0,1,182,-1),(1004,'Colima',0,0,1,182,-1),(1005,'Costa de Chiapas',0,0,1,182,-1),(1006,'Cozumel ',0,0,1,182,-1),(1007,'Cuauhtémoc',0,0,1,182,-1),(1008,'Durango',0,0,1,182,-1),(1009,'Ensenada',0,0,1,182,-1),(1010,'Estado de México',0,0,1,182,-1),(1011,'Estado de México Oriente',0,0,1,182,-1),(1012,'Guasave',0,0,1,182,-1),(1013,'Hidalgo',0,0,1,182,-1),(1014,'Hidalgo del Parral',0,0,1,182,-1),(1015,'Irapuato',0,0,1,182,-1),(1016,'Jalisco',0,0,1,182,-1),(1017,'Laguna',0,0,1,182,-1),(1018,'León',0,0,1,182,-1),(1019,'Manzanillo',0,0,1,182,-1),(1020,'Matamoros',0,0,1,182,-1),(1021,'Matehuala',0,0,1,182,-1),(1022,'Mazatlán',0,0,1,182,-1),(1023,'Mérida',0,0,1,182,-1),(1024,'Metropolitano',0,0,1,182,-1),(1025,'Mexicali',0,0,1,182,-1),(1026,'Michoacán',0,0,1,182,-1),(1027,'Morelos',0,0,1,182,-1),(1028,'Navojoa',0,0,1,182,-1),(1029,'Nayarit',0,0,1,182,-1),(1030,'Norte de Sonora',0,0,1,182,-1),(1031,'Nuevo Casas Grandes',0,0,1,182,-1),(1032,'Nuevo Laredo',0,0,1,182,-1),(1033,'Nuevo León',0,0,1,182,-1),(1034,'Oaxaca',0,0,1,182,-1),(1035,'Puebla ',0,0,1,182,-1),(1036,'Puerto Vallarta',0,0,1,182,-1),(1037,'Querétato',0,0,1,182,-1),(1038,'Quintana Roo',0,0,1,182,-1),(1039,'Reynosa',0,0,1,182,-1),(1040,'San Luis Potosí',0,0,1,182,-1),(1041,'San Martín ',0,0,1,182,-1),(1042,'Sinaloa',0,0,1,182,-1),(1043,'Tabasco ',0,0,1,182,-1),(1044,'Tampico ',0,0,1,182,-1),(1045,'Tehuacán ',0,0,1,182,-1),(1046,'Tepatitlán',0,0,1,182,-1),(1047,'Tijuana',0,0,1,182,-1),(1048,'Tlaxcala',0,0,1,182,-1),(1049,'Valladolid',0,0,1,182,-1),(1050,'Valle del Fuerte',0,0,1,182,-1),(1051,'Veracruz',0,0,1,182,-1),(1052,'Xalapa',0,0,1,182,-1),(1053,'Zacatecas',0,0,1,182,-1),(1054,'Agricultura o Ganadería ',0,0,1,183,0),(1055,'Minería (Incluyendo Petróleo)',0,0,1,183,1),(1056,'Electricidad',0,0,1,183,2),(1057,'Construcción',0,0,1,183,3),(1058,'Manufacturas',0,0,1,183,-1),(1059,'Comercio (mayorista y minorista)',0,0,1,183,-1),(1060,'Transporte',0,0,1,183,-1),(1061,'Medios de Comunicación ',0,0,1,183,-1),(1062,'Sector Financiero',0,0,1,183,-1),(1063,'Sector Inmobiliario (venta y renta de inmuebles)',0,0,1,183,-1),(1064,'Servicios Profesionales (consultorías a negocios y despachos)',0,0,1,183,-1),(1065,'Servicios educativos',0,0,1,183,-1),(1066,'Servicios de salud',0,0,1,183,-1),(1067,'Servicios culturales',0,0,1,183,-1),(1068,'Alojamiento temporal (incluyendo servicios turísticos)',0,0,1,183,-1),(1069,'Restaurantes',0,0,1,183,-1),(1070,'0 a 10 personas',0,0,1,184,0),(1071,'11 a 50 personas',0,0,1,184,1),(1072,'51 a 100 personas',0,0,1,184,2),(1073,'101 a 250 personas',0,0,1,184,3),(1074,'más de 250 personas',0,0,1,184,-1),(1075,'Aguscalientes',0,0,1,185,0),(1076,'Baja California',0,0,1,185,1),(1077,'Baja California Sur',0,0,1,185,2),(1078,'Campeche',0,0,1,185,3),(1079,'Ciudad de México ',0,0,1,185,-1),(1080,'Coahuila',0,0,1,185,-1),(1081,'Colima',0,0,1,185,-1),(1082,'Chiapas',0,0,1,185,-1),(1083,'Chihuahua',0,0,1,185,-1),(1084,'Durango',0,0,1,185,-1),(1085,'Guanajuato',0,0,1,185,-1),(1086,'Guerrero ',0,0,1,185,-1),(1087,'Hidalgo ',0,0,1,185,-1),(1088,'Jalisco',0,0,1,185,-1),(1089,'México',0,0,1,185,-1),(1090,'Michoacán ',0,0,1,185,-1),(1091,'Morelos',0,0,1,185,-1),(1092,'Nayarit',0,0,1,185,-1),(1093,'Nuevo León',0,0,1,185,-1),(1094,'Oaxaca',0,0,1,185,-1),(1095,'Puebla ',0,0,1,185,-1),(1096,'Querétaro',0,0,1,185,-1),(1097,'Quintana Roo',0,0,1,185,-1),(1098,'San Luis Potosí',0,0,1,185,-1),(1099,'Sinaloa',0,0,1,185,-1),(1100,'Sonora',0,0,1,185,-1),(1101,'Tabasco ',0,0,1,185,-1),(1102,'Tamaulipas',0,0,1,185,-1),(1103,'Tlaxcala',0,0,1,185,-1),(1104,'Veracruz',0,0,1,185,-1),(1105,'Yucatán',0,0,1,185,-1),(1106,'Zacatecas',0,0,1,185,-1),(1107,'Disminución de la ventas',0,0,1,186,0),(1108,'Problemas en la cadena de suministro ',0,0,1,186,1),(1109,'Liquidez para asumir los principales gastos de la empresa (incluida la nómina)',0,0,1,186,2),(1110,'Ausentismo laboral ',0,0,1,186,3),(1111,'Casos confirmados de Coronavirus entre los empleados de la empresa',0,0,0,186,-1),(1112,'Reducción de producción/replantear presupuesto',0,0,1,187,0),(1113,'Buscar financiamiento',0,0,1,187,1),(1114,'Comunicación estratégica (con empleados, proveedores y consumidores)',0,0,1,187,2),(1115,'Ampliar gama de clientes (a través de plataformas electrónicas)',0,0,1,187,3),(1116,'Optimizar procesos',0,0,1,187,-1),(1117,'Ofrecer descuentos, promociones e incentivos a clientes',0,0,1,187,-1),(1118,'No han cambiado',0,0,1,188,0),(1119,'10%-20%',0,0,1,188,1),(1120,'20%-50%',0,0,1,188,2),(1121,'50%-80%',0,0,1,188,3),(1122,'Más de 80%',0,0,1,188,-1),(1123,'SI',0,0,1,189,0),(1124,'Opcion 2',0,0,0,189,1),(1125,'Opcion 3',0,0,0,189,2),(1126,'NO',0,0,1,189,3),(1127,'SI',0,0,1,190,0),(1128,'Opcion 2',0,0,0,190,1),(1129,'Opcion 3',0,0,0,190,2),(1130,'NO',0,0,1,190,3),(1131,'SI',0,0,1,191,0),(1132,'Opcion 2',0,0,0,191,1),(1133,'Opcion 3',0,0,0,191,2),(1134,'NO',0,0,1,191,3),(1135,'Negociación de salarios',0,0,1,192,0),(1136,'Reducción de plantilla laboral ',0,0,1,192,1),(1137,'Reducción/negociación de horarios',0,0,1,192,2),(1138,'Otra',1,0,1,192,3),(1139,'Entre 4 y 8 semanas',0,0,1,193,0),(1140,'El resto del año 2020',0,0,1,193,1),(1141,'Hasta la primera mitad del 2021',0,0,1,193,2),(1142,'Hasta finalizar 2021',0,0,1,193,3),(1143,'Opcion 1',0,0,0,194,0),(1144,'Opcion 2',0,0,0,194,1),(1145,'Opcion 3',0,0,0,194,2),(1146,'Opcion 4',0,0,1,194,3),(1147,'Muy malo',0,0,1,195,0),(1148,'Malo',0,0,1,195,1),(1149,'Regular',0,0,1,195,2),(1150,'Bueno',0,0,1,195,3),(1151,'5',0,0,0,195,-1),(1152,'Acuerdo entre trabajadores, patrones y gobierno para establecer un salario solidario.',0,0,1,196,0),(1153,'Acelerar los procesos de devolución del IVA y restaurar la compensación universal, al menos para el 2020.',0,0,1,196,1),(1154,'Diferir las Contribuciones Obrero-Patronal (COP)',0,0,1,196,2),(1155,'Ajuste de pagos provisionales mensuales con base en los ingresos nominales de 2020 y el coeficiente de utilidad de 2019',0,0,1,196,3),(1156,'Diferir pagos provisionales de ISR',0,0,0,196,-1),(1157,'Deducción al 100% de prestaciones laborales',0,0,0,196,-1),(1158,'Diferimiento temporal de pago de servicios proporcionados por el Estado (agua y luz), así como el pago de impuestos locales',0,0,0,196,-1),(1159,'Deducción familiar adicional por única ocasión para incentivar el consumo',0,0,0,196,-1),(1160,'Créditos accesibles para todas las PyMEs con garantías de la banca de desarrollo',0,0,0,196,-1),(1161,'Opcion 1',0,0,0,197,0),(1162,'Opcion 2',0,0,0,197,1),(1163,'Opcion 3',0,0,0,197,2),(1164,'Opcion 4',0,0,1,197,3),(1165,'Diferir pagos provisionales de ISR',0,0,1,196,-1),(1166,'Deducción al 100% de prestaciones laborales',0,0,1,196,-1),(1167,'Diferimiento temporal de pago de servicios proporcionados por el Estado (agua y luz), así como el pago de impuestos locales',0,0,1,196,-1),(1168,'Deducción familiar adicional por única ocasión para incentivar el consumo',0,0,1,196,-1),(1169,'Créditos accesibles para todas las PyMEs con garantías de la banca de desarrollo',0,0,1,196,-1),(1170,'Muy bueno',0,0,1,195,-1),(1171,'Mejor que el gobierno federal',0,0,1,198,0),(1172,'Igual al gobierno federal',0,0,1,198,1),(1173,'Peor que el gobierno federal',0,0,1,198,2),(1174,'',0,0,0,198,3),(1175,'Muy mala',0,0,1,199,0),(1176,'Mala',0,0,1,199,1),(1177,'Regular',0,0,1,199,2),(1178,'Buena',0,0,1,199,3),(1179,'Muy Buena',0,0,1,199,-1),(1180,'SI',0,0,1,200,0),(1181,'No',0,0,0,200,1),(1182,'Opcion 3',0,0,0,200,2),(1183,'NO',0,0,1,200,3);
/*!40000 ALTER TABLE `iplan_opciones` ENABLE KEYS */;
UNLOCK TABLES;

--
-- Table structure for table `iplan_pregunta_matriz`
--

DROP TABLE IF EXISTS `iplan_pregunta_matriz`;
/*!40101 SET @saved_cs_client     = @@character_set_client */;
/*!40101 SET character_set_client = utf8 */;
CREATE TABLE `iplan_pregunta_matriz` (
  `iIdPreguntaPadre` int(11) NOT NULL,
  `iIdPreguntaHijo` int(11) NOT NULL,
  `iIdPreguntaOpcion` int(11) NOT NULL,
  `iIdCuestionario` int(11) NOT NULL
) ENGINE=MyISAM DEFAULT CHARSET=latin1;
/*!40101 SET character_set_client = @saved_cs_client */;

--
-- Dumping data for table `iplan_pregunta_matriz`
--

LOCK TABLES `iplan_pregunta_matriz` WRITE;
/*!40000 ALTER TABLE `iplan_pregunta_matriz` DISABLE KEYS */;
INSERT INTO `iplan_pregunta_matriz` VALUES (158,159,865,73),(149,157,829,70),(150,156,834,70),(136,137,771,64),(162,161,881,74),(162,161,883,74),(166,165,897,75),(174,175,929,77),(176,177,937,78),(178,128,946,64),(181,182,988,80),(191,192,1131,80);
/*!40000 ALTER TABLE `iplan_pregunta_matriz` ENABLE KEYS */;
UNLOCK TABLES;

--
-- Table structure for table `iplan_preguntas`
--

DROP TABLE IF EXISTS `iplan_preguntas`;
/*!40101 SET @saved_cs_client     = @@character_set_client */;
/*!40101 SET character_set_client = utf8 */;
CREATE TABLE `iplan_preguntas` (
  `iIdPregunta` int(10) NOT NULL AUTO_INCREMENT,
  `vPregunta` varchar(400) CHARACTER SET latin1 NOT NULL,
  `iPonderacion` int(10) NOT NULL DEFAULT '0',
  `iEvidencia` tinyint(1) NOT NULL DEFAULT '0',
  `iTipoPregunta` tinyint(1) NOT NULL DEFAULT '1' COMMENT '0=Opción múliple, 1=Dicotómica (si,no),  2=Pregunta abierta, 3=Selección multiple (checkbox)',
  `iActivo` tinyint(1) DEFAULT '1',
  `iIdCuestionario` int(10) unsigned NOT NULL DEFAULT '1',
  `iNumero` int(2) unsigned NOT NULL DEFAULT '0',
  `vLink` varchar(500) DEFAULT NULL,
  `iOrden` int(10) NOT NULL,
  PRIMARY KEY (`iIdPregunta`),
  KEY `FK_pregunta_cuestionario` (`iIdCuestionario`),
  CONSTRAINT `FK_pregunta_cuestionario` FOREIGN KEY (`iIdCuestionario`) REFERENCES `iplan_cuestionarios` (`iIdCuestionario`)
) ENGINE=InnoDB AUTO_INCREMENT=201 DEFAULT CHARSET=utf8;
/*!40101 SET character_set_client = @saved_cs_client */;

--
-- Dumping data for table `iplan_preguntas`
--

LOCK TABLES `iplan_preguntas` WRITE;
/*!40000 ALTER TABLE `iplan_preguntas` DISABLE KEYS */;
INSERT INTO `iplan_preguntas` VALUES (128,'¿A qué Centro Empresarial pertenece tu empresa? ',0,1,0,0,64,0,'',0),(129,'¿A qué sector pertenece tu empresa?',0,1,0,1,64,0,'',0),(130,'¿Cuántos empleados tiene tu empresa?',0,1,0,1,64,0,NULL,0),(131,'¿En qué entidad de la república se encuentra la casa matriz de tu empresa?',0,1,0,1,64,0,NULL,0),(132,'Frente a la pandemia del Coronavirus, ¿cuál es el principal problema que está enfrentando tu empresa?',0,1,0,1,64,0,NULL,0),(133,'¿Qué soluciones estás implementando para resolver el problema descrito en la pregunta anterior?',0,1,2,1,64,0,NULL,0),(134,'¿En qué porcentaje calcula que han caído sus ventas?',0,1,0,1,64,0,NULL,0),(135,'¿Tu empresa está en condiciones de pagar impuestos correspondientes abril? ',0,1,1,1,64,0,'',0),(136,'¿Has tenido o que hacer ajustes en tu plantilla de personal por la contingencia?',0,1,1,1,64,0,NULL,0),(137,'Si tu respuesta fue si, ¿cuáles ajustes? ',0,1,2,1,64,0,NULL,0),(138,'Frente a la pandemia del Coronavirus, ¿cuánto crees que puede tardar el entorno económico del país en normalizarse?',0,1,0,1,64,0,NULL,0),(139,'Más allá del gobierno, ¿qué medidas está tomando tu empresa en lo privado para contribuir a mitigar los riesgos derivados de la pandemia de Coronavirus? ',0,1,2,1,64,0,NULL,0),(140,'¿Cómo consideras que ha sido el desempeño de tu gobierno estatal para atender la crisis sanitaria? (Muy malo 1, Muy bueno 5)',0,1,0,1,64,0,NULL,0),(141,'De las siguientes propuestas que hizo Coparmex, ¿cuál te parece la más eficiente para mitigar los riesgos económicos del Coronavirus?',0,1,0,1,64,0,NULL,0),(142,'¿Hay alguna medida sanitaria o fiscal que haya anunciado tu gobierno estatal que consideres adecuada y que se deba de replicar en otros estados? ',0,1,2,1,64,0,NULL,0),(144,'Conoces Yucatán?',0,1,1,1,65,0,'https://coparmex.org.mx/downloads/ENVIOS/AvisoPrivacidad_historias_covid.pdf',0),(145,'Opinion',0,1,1,1,66,0,'',0),(146,'Opinion',0,1,1,1,67,0,'',0),(147,'Opinion',0,1,1,1,68,0,NULL,0),(148,'Opinion 2',0,1,1,1,67,0,'',0),(149,'Opinion 1',0,1,1,1,70,0,NULL,0),(150,'Esta de acuerdo',0,1,0,1,70,0,'',0),(151,'Opina Nuevo',0,1,1,1,70,0,'https://www.geeksforgeeks.org/php-merging-two-arrays-using-array_merge/',0),(152,'Comentario',0,1,0,0,70,0,NULL,0),(153,'Comentario',0,1,2,1,70,0,NULL,0),(154,'Abierta',0,1,2,1,65,0,NULL,0),(155,'Abierta',0,1,2,1,68,0,NULL,0),(156,'Comentario 2',0,1,2,1,70,0,NULL,0),(157,'Comentario 3',0,1,0,1,70,0,NULL,0),(158,'Pregunta 1 cuestionario prueba 1',0,1,1,1,73,0,'https://openknowledge.worldbank.org/bitstream/handle/10986/33555/211570SP.pdf',0),(159,'Pregunta 2 cuestionario prueba 2',0,1,1,1,73,0,NULL,0),(160,'Pregunta prueba 1',0,1,1,1,74,0,'',0),(161,'PRegunta prueba 2',0,1,1,1,74,0,NULL,0),(162,'pregunta 2.1',0,1,0,1,74,0,'https://openknowledge.worldbank.org/bitstream/handle/10986/33555/211570SP.pdf',0),(163,'Pregunta 1',0,1,1,1,75,0,'https://openknowledge.worldbank.org/bitstream/handle/10986/33555/211570SP.pdf',0),(164,'Pregunta 2',0,1,1,1,75,0,NULL,0),(165,'Pregunta 3',0,1,0,1,75,0,NULL,0),(166,'PRegunta 3.1',0,1,1,1,75,0,NULL,0),(167,'PRegunta 3.2',0,1,0,1,75,0,NULL,0),(168,'PRegunta 4',0,1,0,1,75,0,NULL,0),(169,'PRegunta 4.1',0,1,2,1,75,0,NULL,0),(170,'Pregunta Prueba 1',0,1,1,1,76,0,NULL,0),(171,'Pregunta Prueba 2',0,1,1,1,76,0,NULL,0),(172,'PRegunta Prueba 2.1',0,1,0,1,76,0,NULL,0),(173,'PRegunta PRueba 3',0,1,0,1,76,0,NULL,0),(174,'El COVID afecta a su trabajo actual',0,1,1,1,77,0,'',0),(175,'Como es afectado?',0,1,2,1,77,0,NULL,0),(176,'Defina SI o NO',0,1,1,1,78,0,NULL,0),(177,'Comentario',0,1,2,1,78,0,NULL,0),(178,'Tipo de Socio Coparmex',0,1,0,1,64,0,NULL,0),(179,'Tipo de Socio COPARMEX..',0,1,1,1,79,0,'',0),(180,'¿A qué centro empresarial perteneces?',0,1,0,1,79,0,NULL,0),(181,'Que tipo de socio Coparmex eres',0,1,1,1,80,0,'',1),(182,'¿ A qué centro empresarial pertenece tu empresa?',0,1,0,1,80,0,'',0),(183,'¿A qué sector pertenece tu empresa?',0,1,0,1,80,0,'',2),(184,'¿Cuántos empleados tiene tu empresa?',0,1,0,1,80,0,'',3),(185,'¿En qué entidad de la república se encuentra la casa matriz  de tu empresa?',0,1,0,1,80,0,'',4),(186,'Frente a la pandemia del Coronavirus, ¿cuál es el principal problema que está enfrentando tu empresa?',0,1,0,1,80,0,'',5),(187,'¿Has implementado alguna de estas soluciones para reducir los efectos negativos de la disminución en ventas?',0,1,3,1,80,0,'',6),(188,'¿En qué porcentaje calcula que han caído sus ventas?',0,1,0,1,80,0,'',8),(189,'¿Tu empresa está en condiciones de pagar impuestos referentes a abril?',0,1,1,1,80,0,'',7),(190,'¿Te has visto en la necesidad de cerrar por completo tus operaciones?',0,1,1,1,80,0,'',9),(191,'¿Has tenido que hacer ajustes en tu plantilla de personal por la contingencia?',0,1,1,1,80,0,'',10),(192,'¿Qué tipo de ajustes?',0,1,3,1,80,0,'',11),(193,'Frente a la pandemia del Coronavirus, ¿cuánto crees que puede tardar el entorno económico del país en normalizarse?',0,1,0,1,80,0,'',12),(194,'Más allá del gobierno, ¿qué medidas está tomando tu empresa en lo privado para contribuir a mitigar los riesgos derivados de la pandemia de Coronavirus?',0,1,2,1,80,0,'',13),(195,'¿Cómo consideras que ha sido el desempeño de tu gobierno estatal para atender la crisis sanitaria? ',0,1,0,1,80,0,'',14),(196,'De las siguientes propuestas que hizo Coparmex, ¿cuál te parece la más eficiente para mitigar los riesgos económicos del Coronavirus?',0,1,0,1,80,0,'',15),(197,'¿Hay alguna medida sanitaria o fiscal que haya anunciado tu gobierno estatal que consideres adecuada y que se deba de replicar en otros estados?',0,1,2,1,80,0,'',16),(198,'¿Cómo comparas la actuación de tu gobierno estatal frente a la pandemia con respecto a la actuación del gobierno federal?',0,1,0,1,80,0,'',18),(199,'¿Cómo consideras que ha sido el desempeño del gobierno federal para atender la crisis sanitaria? ',0,1,0,1,80,0,'',17),(200,'¿Su empresa está en condiciones de pagar el PTU en mayo?',0,1,1,1,80,0,'',19);
/*!40000 ALTER TABLE `iplan_preguntas` ENABLE KEYS */;
UNLOCK TABLES;

--
-- Table structure for table `iplan_rangos`
--

DROP TABLE IF EXISTS `iplan_rangos`;
/*!40101 SET @saved_cs_client     = @@character_set_client */;
/*!40101 SET character_set_client = utf8 */;
CREATE TABLE `iplan_rangos` (
  `iIdPregunta` int(10) NOT NULL,
  `vValor` tinyint(2) unsigned NOT NULL DEFAULT '0',
  `iLimiteMin` varchar(50) NOT NULL DEFAULT '0',
  `iLimiteMax` tinyint(2) unsigned NOT NULL DEFAULT '0',
  PRIMARY KEY (`iIdPregunta`,`vValor`),
  CONSTRAINT `FK_rango_pregunta` FOREIGN KEY (`iIdPregunta`) REFERENCES `iplan_preguntas` (`iIdPregunta`)
) ENGINE=InnoDB DEFAULT CHARSET=utf8;
/*!40101 SET character_set_client = @saved_cs_client */;

--
-- Dumping data for table `iplan_rangos`
--

LOCK TABLES `iplan_rangos` WRITE;
/*!40000 ALTER TABLE `iplan_rangos` DISABLE KEYS */;
INSERT INTO `iplan_rangos` VALUES (128,0,'',0),(128,1,'',0),(128,2,'',0),(128,3,'',0),(129,0,'',0),(129,1,'',0),(129,2,'',0),(129,3,'',0),(130,0,'',0),(130,1,'',0),(130,2,'',0),(130,3,'',0),(131,0,'',0),(131,1,'',0),(131,2,'',0),(131,3,'',0),(132,0,'',0),(132,1,'',0),(132,2,'',0),(132,3,'',0),(133,0,'',0),(133,1,'',0),(133,2,'',0),(133,3,'',0),(134,0,'',0),(134,1,'',0),(134,2,'',0),(134,3,'',0),(135,0,'',0),(135,1,'',0),(135,2,'',0),(135,3,'',0),(136,0,'',0),(136,1,'',0),(136,2,'',0),(136,3,'',0),(137,0,'',0),(137,1,'',0),(137,2,'',0),(137,3,'',0),(138,0,'',0),(138,1,'',0),(138,2,'',0),(138,3,'',0),(139,0,'',0),(139,1,'',0),(139,2,'',0),(139,3,'',0),(140,0,'',0),(140,1,'',0),(140,2,'',0),(140,3,'',0),(141,0,'',0),(141,1,'',0),(141,2,'',0),(141,3,'',0),(142,0,'',0),(142,1,'',0),(142,2,'',0),(144,0,'',0),(144,1,'',0),(144,2,'',0),(144,3,'',0),(145,0,'',0),(145,1,'',0),(145,2,'',0),(145,3,'',0),(146,0,'',0),(146,1,'',0),(146,2,'',0),(146,3,'',0),(147,0,'',0),(147,1,'',0),(147,2,'',0),(147,3,'',0),(148,0,'',0),(148,1,'',0),(148,2,'',0),(148,3,'',0),(149,0,'',0),(149,1,'',0),(149,2,'',0),(149,3,'',0),(150,0,'',0),(150,1,'',0),(150,2,'',0),(150,3,'',0),(151,0,'',0),(151,1,'',0),(151,2,'',0),(151,3,'',0),(152,0,'',0),(152,1,'',0),(152,2,'',0),(152,3,'',0),(153,0,'',0),(153,1,'',0),(153,2,'',0),(153,3,'',0),(154,0,'',0),(154,1,'',0),(154,2,'',0),(154,3,'',0),(155,0,'',0),(155,1,'',0),(155,2,'',0),(155,3,'',0),(156,0,'',0),(156,1,'',0),(156,2,'',0),(156,3,'',0),(157,0,'',0),(157,1,'',0),(157,2,'',0),(157,3,'',0),(158,0,'',0),(158,1,'',0),(158,2,'',0),(158,3,'',0),(159,0,'',0),(159,1,'',0),(159,2,'',0),(159,3,'',0),(160,0,'',0),(160,1,'',0),(160,2,'',0),(160,3,'',0),(161,0,'',0),(161,1,'',0),(161,2,'',0),(161,3,'',0),(162,0,'',0),(162,1,'',0),(162,2,'',0),(162,3,'',0),(163,0,'',0),(163,1,'',0),(163,2,'',0),(163,3,'',0),(164,0,'',0),(164,1,'',0),(164,2,'',0),(164,3,'',0),(165,0,'',0),(165,1,'',0),(165,2,'',0),(165,3,'',0),(166,0,'',0),(166,1,'',0),(166,2,'',0),(166,3,'',0),(167,0,'',0),(167,1,'',0),(167,2,'',0),(167,3,'',0),(168,0,'',0),(168,1,'',0),(168,2,'',0),(168,3,'',0),(169,0,'',0),(169,1,'',0),(169,2,'',0),(169,3,'',0),(170,0,'',0),(170,1,'',0),(170,2,'',0),(170,3,'',0),(171,0,'',0),(171,1,'',0),(171,2,'',0),(171,3,'',0),(172,0,'',0),(172,1,'',0),(172,2,'',0),(172,3,'',0),(173,0,'',0),(173,1,'',0),(173,2,'',0),(173,3,'',0),(174,0,'',0),(174,1,'',0),(174,2,'',0),(174,3,'',0),(175,0,'',0),(175,1,'',0),(175,2,'',0),(175,3,'',0),(176,0,'',0),(176,1,'',0),(176,2,'',0),(176,3,'',0),(177,0,'',0),(177,1,'',0),(177,2,'',0),(177,3,'',0),(178,0,'',0),(178,1,'',0),(178,2,'',0),(178,3,'',0),(179,0,'',0),(179,1,'',0),(179,2,'',0),(179,3,'',0),(180,0,'',0),(180,1,'',0),(180,2,'',0),(180,3,'',0),(181,0,'',0),(181,1,'',0),(181,2,'',0),(181,3,'',0),(182,0,'',0),(182,1,'',0),(182,2,'',0),(182,3,'',0),(183,0,'',0),(183,1,'',0),(183,2,'',0),(183,3,'',0),(184,0,'',0),(184,1,'',0),(184,2,'',0),(184,3,'',0),(185,0,'',0),(185,1,'',0),(185,2,'',0),(185,3,'',0),(186,0,'',0),(186,1,'',0),(186,2,'',0),(186,3,'',0),(187,0,'',0),(187,1,'',0),(187,2,'',0),(187,3,'',0),(188,0,'',0),(188,1,'',0),(188,2,'',0),(188,3,'',0),(189,0,'',0),(189,1,'',0),(189,2,'',0),(189,3,'',0),(190,0,'',0),(190,1,'',0),(190,2,'',0),(190,3,'',0),(191,0,'',0),(191,1,'',0),(191,2,'',0),(191,3,'',0),(192,0,'',0),(192,1,'',0),(192,2,'',0),(192,3,'',0),(193,0,'',0),(193,1,'',0),(193,2,'',0),(193,3,'',0),(194,0,'',0),(194,1,'',0),(194,2,'',0),(194,3,'',0),(195,0,'',0),(195,1,'',0),(195,2,'',0),(195,3,'',0),(196,0,'',0),(196,1,'',0),(196,2,'',0),(196,3,'',0),(197,0,'',0),(197,1,'',0),(197,2,'',0),(197,3,'',0),(198,0,'',0),(198,1,'',0),(198,2,'',0),(198,3,'',0),(199,0,'',0),(199,1,'',0),(199,2,'',0),(199,3,'',0),(200,0,'',0),(200,1,'',0),(200,2,'',0),(200,3,'',0);
/*!40000 ALTER TABLE `iplan_rangos` ENABLE KEYS */;
UNLOCK TABLES;

--
-- Table structure for table `iplan_resp_usuario`
--

DROP TABLE IF EXISTS `iplan_resp_usuario`;
/*!40101 SET @saved_cs_client     = @@character_set_client */;
/*!40101 SET character_set_client = utf8 */;
CREATE TABLE `iplan_resp_usuario` (
  `iIdRespuesta` int(10) NOT NULL,
  `vRespuesta` varchar(500) NOT NULL,
  `iIdUsuario` varchar(10) NOT NULL,
  `iRevisado` tinyint(1) NOT NULL DEFAULT '0',
  `iCalificacion` int(10) NOT NULL DEFAULT '0',
  `vArchivo` varchar(300) NOT NULL,
  `iIdAnonimo` varchar(100) NOT NULL
) ENGINE=InnoDB DEFAULT CHARSET=latin1;
/*!40101 SET character_set_client = @saved_cs_client */;

--
-- Dumping data for table `iplan_resp_usuario`
--

LOCK TABLES `iplan_resp_usuario` WRITE;
/*!40000 ALTER TABLE `iplan_resp_usuario` DISABLE KEYS */;
INSERT INTO `iplan_resp_usuario` VALUES (742,'','102',0,0,'',''),(749,'Gravemente','102',0,0,'',''),(745,'','0',0,0,'','5eaa792f1a58e'),(749,'','0',0,0,'','5eaa792f1a58e'),(0,'','0',0,0,'','5eaa792f1a58e'),(750,'','102',0,0,'',''),(757,'','102',0,0,'',''),(0,'','102',0,0,'',''),(750,'','0',0,0,'','5eab5789994dc'),(757,'','0',0,0,'','5eab5789994dc'),(0,'','0',0,0,'','5eab5789994dc'),(476,'','0',0,0,'','5eb0c27182606'),(516,'','0',0,0,'','5eb0c27182606'),(530,'','0',0,0,'','5eb0c27182606'),(541,'','0',0,0,'','5eb0c27182606'),(568,'','0',0,0,'','5eb0c27182606'),(574,'Respuesta de prueba','0',0,0,'','5eb0c27182606'),(577,'','0',0,0,'','5eb0c27182606'),(583,'','0',0,0,'','5eb0c27182606'),(584,'','0',0,0,'','5eb0c27182606'),(591,'','0',0,0,'','5eb0c27182606'),(0,'','0',0,0,'','5eb0c27182606'),(593,'','0',0,0,'','5eb0c27182606'),(599,'Respuesta de prueba','0',0,0,'','5eb0c27182606'),(601,'','0',0,0,'','5eb0c27182606'),(611,'','0',0,0,'','5eb0c27182606'),(617,'Respuesta de prueba','0',0,0,'','5eb0c27182606'),(801,'','0',0,0,'','5eb327c12513f'),(811,'','0',0,0,'','5eb327c12513f'),(872,'','0',0,0,'','5eb327c12513f'),(885,'','0',0,0,'','5eb327c12513f'),(892,'','0',0,0,'','5eb327c12513f'),(922,'','0',0,0,'','5eb327c12513f'),(926,'','0',0,0,'','5eb327c12513f'),(928,'','0',0,0,'','5eb327c12513f'),(933,'','0',0,0,'','5eb327c12513f'),(939,'','0',0,0,'','5eb327c12513f'),(940,'','0',0,0,'','5eb327c12513f'),(944,'','0',0,0,'','5eb327c12513f'),(949,'','0',0,0,'','5eb327c12513f'),(953,'','0',0,0,'','5eb327c12513f'),(959,'ninguna','0',0,0,'','5eb327c12513f'),(962,'','0',0,0,'','5eb327c12513f'),(965,'','0',0,0,'','5eb327c12513f'),(977,'No','0',0,0,'','5eb327c12513f'),(798,'','0',0,0,'','5eb56b00387d4'),(802,'','0',0,0,'','5eb56b00387d4'),(872,'','0',0,0,'','5eb56b00387d4'),(887,'','0',0,0,'','5eb56b00387d4'),(906,'','0',0,0,'','5eb56b00387d4'),(920,'','0',0,0,'','5eb56b00387d4'),(925,'','0',0,0,'','5eb56b00387d4'),(926,'','0',0,0,'','5eb56b00387d4'),(927,'','0',0,0,'','5eb56b00387d4'),(928,'','0',0,0,'','5eb56b00387d4'),(929,'','0',0,0,'','5eb56b00387d4'),(930,'','0',0,0,'','5eb56b00387d4'),(933,'','0',0,0,'','5eb56b00387d4'),(936,'','0',0,0,'','5eb56b00387d4'),(943,'','0',0,0,'','5eb56b00387d4'),(947,'','0',0,0,'','5eb56b00387d4'),(953,'','0',0,0,'','5eb56b00387d4'),(959,'Financiamiento Banca Privada','0',0,0,'','5eb56b00387d4'),(961,'','0',0,0,'','5eb56b00387d4'),(966,'','0',0,0,'','5eb56b00387d4'),(977,'Concientizacion ante el covid 19','0',0,0,'','5eb56b00387d4'),(984,'','0',0,0,'','5eb56b00387d4'),(988,'','0',0,0,'','5eb56b00387d4'),(993,'','0',0,0,'','5eb56b00387d4'),(801,'','0',0,0,'','5eb56bb590da3'),(846,'','0',0,0,'','5eb56bb590da3'),(873,'','0',0,0,'','5eb56bb590da3'),(884,'','0',0,0,'','5eb56bb590da3'),(906,'','0',0,0,'','5eb56bb590da3'),(920,'','0',0,0,'','5eb56bb590da3'),(927,'','0',0,0,'','5eb56bb590da3'),(934,'','0',0,0,'','5eb56bb590da3'),(939,'','0',0,0,'','5eb56bb590da3'),(943,'','0',0,0,'','5eb56bb590da3'),(944,'','0',0,0,'','5eb56bb590da3'),(948,'','0',0,0,'','5eb56bb590da3'),(950,'','0',0,0,'','5eb56bb590da3'),(953,'','0',0,0,'','5eb56bb590da3'),(959,'Negociar adeudos con proveedores ','0',0,0,'','5eb56bb590da3'),(961,'','0',0,0,'','5eb56bb590da3'),(966,'','0',0,0,'','5eb56bb590da3'),(977,'No','0',0,0,'','5eb56bb590da3'),(984,'','0',0,0,'','5eb56bb590da3'),(988,'','0',0,0,'','5eb56bb590da3'),(996,'','0',0,0,'','5eb56bb590da3'),(801,'','0',0,0,'','5eb56d3d10788'),(846,'','0',0,0,'','5eb56d3d10788'),(877,'','0',0,0,'','5eb56d3d10788'),(884,'','0',0,0,'','5eb56d3d10788'),(906,'','0',0,0,'','5eb56d3d10788'),(920,'','0',0,0,'','5eb56d3d10788'),(927,'','0',0,0,'','5eb56d3d10788'),(930,'','0',0,0,'','5eb56d3d10788'),(933,'','0',0,0,'','5eb56d3d10788'),(936,'','0',0,0,'','5eb56d3d10788'),(943,'','0',0,0,'','5eb56d3d10788'),(947,'','0',0,0,'','5eb56d3d10788'),(954,'','0',0,0,'','5eb56d3d10788'),(959,'Adaptando nuestro negocio a la realidad única de cada uno de nuestros clientes.','0',0,0,'','5eb56d3d10788'),(963,'','0',0,0,'','5eb56d3d10788'),(965,'','0',0,0,'','5eb56d3d10788'),(977,'El uso obligatorio de cubrebocas','0',0,0,'','5eb56d3d10788'),(984,'','0',0,0,'','5eb56d3d10788'),(989,'','0',0,0,'','5eb56d3d10788'),(993,'','0',0,0,'','5eb56d3d10788'),(801,'','0',0,0,'','5eb56d6d1cc5c'),(846,'','0',0,0,'','5eb56d6d1cc5c'),(878,'','0',0,0,'','5eb56d6d1cc5c'),(887,'','0',0,0,'','5eb56d6d1cc5c'),(906,'','0',0,0,'','5eb56d6d1cc5c'),(920,'','0',0,0,'','5eb56d6d1cc5c'),(925,'','0',0,0,'','5eb56d6d1cc5c'),(927,'','0',0,0,'','5eb56d6d1cc5c'),(929,'','0',0,0,'','5eb56d6d1cc5c'),(930,'','0',0,0,'','5eb56d6d1cc5c'),(933,'','0',0,0,'','5eb56d6d1cc5c'),(936,'','0',0,0,'','5eb56d6d1cc5c'),(943,'','0',0,0,'','5eb56d6d1cc5c'),(944,'','0',0,0,'','5eb56d6d1cc5c'),(948,'','0',0,0,'','5eb56d6d1cc5c'),(953,'','0',0,0,'','5eb56d6d1cc5c'),(959,'Solo lo indicado','0',0,0,'','5eb56d6d1cc5c'),(962,'','0',0,0,'','5eb56d6d1cc5c'),(965,'','0',0,0,'','5eb56d6d1cc5c'),(977,'no','0',0,0,'','5eb56d6d1cc5c'),(985,'','0',0,0,'','5eb56d6d1cc5c'),(990,'','0',0,0,'','5eb56d6d1cc5c'),(993,'','0',0,0,'','5eb56d6d1cc5c'),(798,'','0',0,0,'','5eb56fe257a3b'),(802,'','0',0,0,'','5eb56fe257a3b'),(877,'','0',0,0,'','5eb56fe257a3b'),(884,'','0',0,0,'','5eb56fe257a3b'),(906,'','0',0,0,'','5eb56fe257a3b'),(920,'','0',0,0,'','5eb56fe257a3b'),(925,'','0',0,0,'','5eb56fe257a3b'),(926,'','0',0,0,'','5eb56fe257a3b'),(927,'','0',0,0,'','5eb56fe257a3b'),(934,'','0',0,0,'','5eb56fe257a3b'),(939,'','0',0,0,'','5eb56fe257a3b'),(943,'','0',0,0,'','5eb56fe257a3b'),(944,'','0',0,0,'','5eb56fe257a3b'),(948,'','0',0,0,'','5eb56fe257a3b'),(949,'','0',0,0,'','5eb56fe257a3b'),(950,'','0',0,0,'','5eb56fe257a3b'),(952,'','0',0,0,'','5eb56fe257a3b'),(959,'Aumentar ventas, crear nuevas estrategias y canales de venta','0',0,0,'','5eb56fe257a3b'),(962,'','0',0,0,'','5eb56fe257a3b'),(965,'','0',0,0,'','5eb56fe257a3b'),(977,'Ninguna','0',0,0,'','5eb56fe257a3b'),(985,'','0',0,0,'','5eb56fe257a3b'),(988,'','0',0,0,'','5eb56fe257a3b'),(996,'','0',0,0,'','5eb56fe257a3b'),(798,'','0',0,0,'','5eb5701aa2467'),(802,'','0',0,0,'','5eb5701aa2467'),(871,'','0',0,0,'','5eb5701aa2467'),(884,'','0',0,0,'','5eb5701aa2467'),(906,'','0',0,0,'','5eb5701aa2467'),(920,'','0',0,0,'','5eb5701aa2467'),(925,'','0',0,0,'','5eb5701aa2467'),(927,'','0',0,0,'','5eb5701aa2467'),(928,'','0',0,0,'','5eb5701aa2467'),(929,'','0',0,0,'','5eb5701aa2467'),(934,'','0',0,0,'','5eb5701aa2467'),(936,'','0',0,0,'','5eb5701aa2467'),(940,'','0',0,0,'','5eb5701aa2467'),(944,'','0',0,0,'','5eb5701aa2467'),(951,'','0',0,0,'','5eb5701aa2467'),(954,'','0',0,0,'','5eb5701aa2467'),(959,'Otorgando vacaciones al personal para que no pueda laborar en modalidad home office y  al persponal de oficinas asiganrle medio dia  de home office  y medio dia  de vacaciones, asi como el  instaurar un Comite  COVID 19  para que este vigilando medidas de prevencion , como  distancia minima,  sanitizantes  , higiene , deteccion de  personas  con fiebre ,etc.','0',0,0,'','5eb5701aa2467'),(961,'','0',0,0,'','5eb5701aa2467'),(979,'','0',0,0,'','5eb5701aa2467'),(977,'Reportar todos los casos , tanto los presentados en Hospitales publicos como los presentados en Hospitales privados','0',0,0,'','5eb5701aa2467'),(984,'','0',0,0,'','5eb5701aa2467'),(988,'','0',0,0,'','5eb5701aa2467'),(996,'','0',0,0,'','5eb5701aa2467'),(801,'','0',0,0,'','5eb5735e471b2'),(846,'','0',0,0,'','5eb5735e471b2'),(870,'','0',0,0,'','5eb5735e471b2'),(884,'','0',0,0,'','5eb5735e471b2'),(906,'','0',0,0,'','5eb5735e471b2'),(920,'','0',0,0,'','5eb5735e471b2'),(925,'','0',0,0,'','5eb5735e471b2'),(926,'','0',0,0,'','5eb5735e471b2'),(927,'','0',0,0,'','5eb5735e471b2'),(929,'','0',0,0,'','5eb5735e471b2'),(930,'','0',0,0,'','5eb5735e471b2'),(934,'','0',0,0,'','5eb5735e471b2'),(939,'','0',0,0,'','5eb5735e471b2'),(943,'','0',0,0,'','5eb5735e471b2'),(944,'','0',0,0,'','5eb5735e471b2'),(948,'','0',0,0,'','5eb5735e471b2'),(949,'','0',0,0,'','5eb5735e471b2'),(950,'','0',0,0,'','5eb5735e471b2'),(953,'','0',0,0,'','5eb5735e471b2'),(959,'Reducir costos al máximo. Compactar la plantilla laboral. Reducir precios de venta y maximizar la productividad en conjunto con los empleados ','0',0,0,'','5eb5735e471b2'),(962,'','0',0,0,'','5eb5735e471b2'),(979,'','0',0,0,'','5eb5735e471b2'),(977,'Sana distancia ','0',0,0,'','5eb5735e471b2'),(984,'','0',0,0,'','5eb5735e471b2'),(989,'','0',0,0,'','5eb5735e471b2'),(996,'','0',0,0,'','5eb5735e471b2'),(801,'','0',0,0,'','5eb573ce74157'),(839,'','0',0,0,'','5eb573ce74157'),(874,'','0',0,0,'','5eb573ce74157'),(883,'','0',0,0,'','5eb573ce74157'),(903,'','0',0,0,'','5eb573ce74157'),(922,'','0',0,0,'','5eb573ce74157'),(927,'','0',0,0,'','5eb573ce74157'),(929,'','0',0,0,'','5eb573ce74157'),(932,'','0',0,0,'','5eb573ce74157'),(939,'','0',0,0,'','5eb573ce74157'),(943,'','0',0,0,'','5eb573ce74157'),(947,'','0',0,0,'','5eb573ce74157'),(953,'','0',0,0,'','5eb573ce74157'),(959,'Informar, capacitar ','0',0,0,'','5eb573ce74157'),(963,'','0',0,0,'','5eb573ce74157'),(982,'','0',0,0,'','5eb573ce74157'),(977,'Créditos a empresas ','0',0,0,'','5eb573ce74157'),(984,'','0',0,0,'','5eb573ce74157'),(990,'','0',0,0,'','5eb573ce74157'),(996,'','0',0,0,'','5eb573ce74157'),(798,'','0',0,0,'','5eb57485408de'),(802,'','0',0,0,'','5eb57485408de'),(872,'','0',0,0,'','5eb57485408de'),(885,'','0',0,0,'','5eb57485408de'),(903,'','0',0,0,'','5eb57485408de'),(920,'','0',0,0,'','5eb57485408de'),(925,'','0',0,0,'','5eb57485408de'),(930,'','0',0,0,'','5eb57485408de'),(933,'','0',0,0,'','5eb57485408de'),(936,'','0',0,0,'','5eb57485408de'),(943,'','0',0,0,'','5eb57485408de'),(947,'','0',0,0,'','5eb57485408de'),(954,'','0',0,0,'','5eb57485408de'),(959,'Incrementar la presencia en redes sociales','0',0,0,'','5eb57485408de'),(960,'','0',0,0,'','5eb57485408de'),(982,'','0',0,0,'','5eb57485408de'),(977,'No que Yo sepa','0',0,0,'','5eb57485408de'),(985,'','0',0,0,'','5eb57485408de'),(988,'','0',0,0,'','5eb57485408de'),(993,'','0',0,0,'','5eb57485408de'),(801,'','0',0,0,'','5eb574d74f582'),(821,'','0',0,0,'','5eb574d74f582'),(877,'','0',0,0,'','5eb574d74f582'),(883,'','0',0,0,'','5eb574d74f582'),(897,'','0',0,0,'','5eb574d74f582'),(920,'','0',0,0,'','5eb574d74f582'),(925,'','0',0,0,'','5eb574d74f582'),(926,'','0',0,0,'','5eb574d74f582'),(930,'','0',0,0,'','5eb574d74f582'),(934,'','0',0,0,'','5eb574d74f582'),(939,'','0',0,0,'','5eb574d74f582'),(940,'','0',0,0,'','5eb574d74f582'),(944,'','0',0,0,'','5eb574d74f582'),(948,'','0',0,0,'','5eb574d74f582'),(953,'','0',0,0,'','5eb574d74f582'),(959,'Ayudar al empresario ','0',0,0,'','5eb574d74f582'),(960,'','0',0,0,'','5eb574d74f582'),(979,'','0',0,0,'','5eb574d74f582'),(977,'No','0',0,0,'','5eb574d74f582'),(985,'','0',0,0,'','5eb574d74f582'),(988,'','0',0,0,'','5eb574d74f582'),(996,'','0',0,0,'','5eb574d74f582'),(801,'','0',0,0,'','5eb5754bdc030'),(813,'','0',0,0,'','5eb5754bdc030'),(877,'','0',0,0,'','5eb5754bdc030'),(883,'','0',0,0,'','5eb5754bdc030'),(896,'','0',0,0,'','5eb5754bdc030'),(922,'','0',0,0,'','5eb5754bdc030'),(925,'','0',0,0,'','5eb5754bdc030'),(929,'','0',0,0,'','5eb5754bdc030'),(933,'','0',0,0,'','5eb5754bdc030'),(936,'','0',0,0,'','5eb5754bdc030'),(943,'','0',0,0,'','5eb5754bdc030'),(947,'','0',0,0,'','5eb5754bdc030'),(953,'','0',0,0,'','5eb5754bdc030'),(959,'Convenio salarial','0',0,0,'','5eb5754bdc030'),(963,'','0',0,0,'','5eb5754bdc030'),(965,'','0',0,0,'','5eb5754bdc030'),(977,'CHIHUAHUA','0',0,0,'','5eb5754bdc030'),(984,'','0',0,0,'','5eb5754bdc030'),(989,'','0',0,0,'','5eb5754bdc030'),(996,'','0',0,0,'','5eb5754bdc030'),(801,'','0',0,0,'','5eb575b81bca4'),(837,'','0',0,0,'','5eb575b81bca4'),(877,'','0',0,0,'','5eb575b81bca4'),(883,'','0',0,0,'','5eb575b81bca4'),(902,'','0',0,0,'','5eb575b81bca4'),(922,'','0',0,0,'','5eb575b81bca4'),(930,'','0',0,0,'','5eb575b81bca4'),(933,'','0',0,0,'','5eb575b81bca4'),(936,'','0',0,0,'','5eb575b81bca4'),(943,'','0',0,0,'','5eb575b81bca4'),(947,'','0',0,0,'','5eb575b81bca4'),(953,'','0',0,0,'','5eb575b81bca4'),(959,'Seguir en la medida que se puede los protocolos de seguridad para poner en riesgo las salud de las personas ','0',0,0,'','5eb575b81bca4'),(962,'','0',0,0,'','5eb575b81bca4'),(979,'','0',0,0,'','5eb575b81bca4'),(977,'Ninguna ','0',0,0,'','5eb575b81bca4'),(984,'','0',0,0,'','5eb575b81bca4'),(990,'','0',0,0,'','5eb575b81bca4'),(996,'','0',0,0,'','5eb575b81bca4'),(801,'','0',0,0,'','5eb577134479f'),(839,'','0',0,0,'','5eb577134479f'),(871,'','0',0,0,'','5eb577134479f'),(883,'','0',0,0,'','5eb577134479f'),(903,'','0',0,0,'','5eb577134479f'),(922,'','0',0,0,'','5eb577134479f'),(925,'','0',0,0,'','5eb577134479f'),(926,'','0',0,0,'','5eb577134479f'),(935,'','0',0,0,'','5eb577134479f'),(939,'','0',0,0,'','5eb577134479f'),(940,'','0',0,0,'','5eb577134479f'),(947,'','0',0,0,'','5eb577134479f'),(954,'','0',0,0,'','5eb577134479f'),(959,'BUSCAR NUEVAS ALTERNATIVAS DE PRODUCTOS Y MEDIOS DE VENTA Y DISTRIBUCIÓN','0',0,0,'','5eb577134479f'),(962,'','0',0,0,'','5eb577134479f'),(982,'','0',0,0,'','5eb577134479f'),(977,'devolución de impuesto sobre nómina','0',0,0,'','5eb577134479f'),(984,'','0',0,0,'','5eb577134479f'),(988,'','0',0,0,'','5eb577134479f'),(996,'','0',0,0,'','5eb577134479f'),(801,'','0',0,0,'','5eb578c195f0b'),(813,'','0',0,0,'','5eb578c195f0b'),(877,'','0',0,0,'','5eb578c195f0b'),(883,'','0',0,0,'','5eb578c195f0b'),(896,'','0',0,0,'','5eb578c195f0b'),(922,'','0',0,0,'','5eb578c195f0b'),(925,'','0',0,0,'','5eb578c195f0b'),(929,'','0',0,0,'','5eb578c195f0b'),(933,'','0',0,0,'','5eb578c195f0b'),(936,'','0',0,0,'','5eb578c195f0b'),(943,'','0',0,0,'','5eb578c195f0b'),(947,'','0',0,0,'','5eb578c195f0b'),(953,'','0',0,0,'','5eb578c195f0b'),(959,'Convenio salarial y horarios de trabajo','0',0,0,'','5eb578c195f0b'),(963,'','0',0,0,'','5eb578c195f0b'),(965,'','0',0,0,'','5eb578c195f0b'),(977,'Financiamiento blando ','0',0,0,'','5eb578c195f0b'),(984,'','0',0,0,'','5eb578c195f0b'),(988,'','0',0,0,'','5eb578c195f0b'),(996,'','0',0,0,'','5eb578c195f0b'),(801,'','131',0,0,'',''),(839,'','131',0,0,'',''),(871,'','131',0,0,'',''),(883,'','131',0,0,'',''),(903,'','131',0,0,'',''),(922,'','131',0,0,'',''),(925,'','131',0,0,'',''),(926,'','131',0,0,'',''),(935,'','131',0,0,'',''),(939,'','131',0,0,'',''),(940,'','131',0,0,'',''),(947,'','131',0,0,'',''),(954,'','131',0,0,'',''),(959,'buscar nuevas alternativas de ventas y distribución','131',0,0,'',''),(962,'','131',0,0,'',''),(982,'','131',0,0,'',''),(977,'devolución del impuesto sobre nómina','131',0,0,'',''),(984,'','131',0,0,'',''),(988,'','131',0,0,'',''),(996,'','131',0,0,'',''),(801,'','0',0,0,'','5eb579d5cd15e'),(839,'','0',0,0,'','5eb579d5cd15e'),(870,'','0',0,0,'','5eb579d5cd15e'),(883,'','0',0,0,'','5eb579d5cd15e'),(903,'','0',0,0,'','5eb579d5cd15e'),(922,'','0',0,0,'','5eb579d5cd15e'),(926,'','0',0,0,'','5eb579d5cd15e'),(928,'','0',0,0,'','5eb579d5cd15e'),(929,'','0',0,0,'','5eb579d5cd15e'),(934,'','0',0,0,'','5eb579d5cd15e'),(939,'','0',0,0,'','5eb579d5cd15e'),(940,'','0',0,0,'','5eb579d5cd15e'),(944,'','0',0,0,'','5eb579d5cd15e'),(949,'','0',0,0,'','5eb579d5cd15e'),(953,'','0',0,0,'','5eb579d5cd15e'),(959,'DIVERSIFICACION DE PRODUCTOS Y SERVICIOS','0',0,0,'','5eb579d5cd15e'),(962,'','0',0,0,'','5eb579d5cd15e'),(980,'','0',0,0,'','5eb579d5cd15e'),(977,'CREDITOS A LAS PYMES','0',0,0,'','5eb579d5cd15e'),(984,'','0',0,0,'','5eb579d5cd15e'),(989,'','0',0,0,'','5eb579d5cd15e'),(996,'','0',0,0,'','5eb579d5cd15e'),(798,'','0',0,0,'','5eb57a10b867b'),(802,'','0',0,0,'','5eb57a10b867b'),(873,'','0',0,0,'','5eb57a10b867b'),(884,'','0',0,0,'','5eb57a10b867b'),(906,'','0',0,0,'','5eb57a10b867b'),(920,'','0',0,0,'','5eb57a10b867b'),(925,'','0',0,0,'','5eb57a10b867b'),(926,'','0',0,0,'','5eb57a10b867b'),(927,'','0',0,0,'','5eb57a10b867b'),(928,'','0',0,0,'','5eb57a10b867b'),(929,'','0',0,0,'','5eb57a10b867b'),(933,'','0',0,0,'','5eb57a10b867b'),(939,'','0',0,0,'','5eb57a10b867b'),(943,'','0',0,0,'','5eb57a10b867b'),(944,'','0',0,0,'','5eb57a10b867b'),(948,'','0',0,0,'','5eb57a10b867b'),(949,'','0',0,0,'','5eb57a10b867b'),(954,'','0',0,0,'','5eb57a10b867b'),(959,'Cuarentena y medidas de seguridad e higiene ','0',0,0,'','5eb57a10b867b'),(962,'','0',0,0,'','5eb57a10b867b'),(978,'','0',0,0,'','5eb57a10b867b'),(977,'No','0',0,0,'','5eb57a10b867b'),(984,'','0',0,0,'','5eb57a10b867b'),(990,'','0',0,0,'','5eb57a10b867b'),(996,'','0',0,0,'','5eb57a10b867b'),(801,'','0',0,0,'','5eb57a539308a'),(841,'','0',0,0,'','5eb57a539308a'),(877,'','0',0,0,'','5eb57a539308a'),(883,'','0',0,0,'','5eb57a539308a'),(902,'','0',0,0,'','5eb57a539308a'),(922,'','0',0,0,'','5eb57a539308a'),(929,'','0',0,0,'','5eb57a539308a'),(934,'','0',0,0,'','5eb57a539308a'),(939,'','0',0,0,'','5eb57a539308a'),(943,'','0',0,0,'','5eb57a539308a'),(944,'','0',0,0,'','5eb57a539308a'),(951,'','0',0,0,'','5eb57a539308a'),(953,'','0',0,0,'','5eb57a539308a'),(959,'la concientización','0',0,0,'','5eb57a539308a'),(962,'','0',0,0,'','5eb57a539308a'),(982,'','0',0,0,'','5eb57a539308a'),(977,'no','0',0,0,'','5eb57a539308a'),(984,'','0',0,0,'','5eb57a539308a'),(988,'','0',0,0,'','5eb57a539308a'),(996,'','0',0,0,'','5eb57a539308a'),(801,'','0',0,0,'','5eb57aa80c6c7'),(821,'','0',0,0,'','5eb57aa80c6c7'),(872,'','0',0,0,'','5eb57aa80c6c7'),(883,'','0',0,0,'','5eb57aa80c6c7'),(906,'','0',0,0,'','5eb57aa80c6c7'),(922,'','0',0,0,'','5eb57aa80c6c7'),(925,'','0',0,0,'','5eb57aa80c6c7'),(930,'','0',0,0,'','5eb57aa80c6c7'),(935,'','0',0,0,'','5eb57aa80c6c7'),(939,'','0',0,0,'','5eb57aa80c6c7'),(943,'','0',0,0,'','5eb57aa80c6c7'),(944,'','0',0,0,'','5eb57aa80c6c7'),(950,'','0',0,0,'','5eb57aa80c6c7'),(954,'','0',0,0,'','5eb57aa80c6c7'),(959,'Ajustar horarios, medidas de proteccion personal, limitar acceso a nuestras instalaciones ','0',0,0,'','5eb57aa80c6c7'),(963,'','0',0,0,'','5eb57aa80c6c7'),(965,'','0',0,0,'','5eb57aa80c6c7'),(977,'No','0',0,0,'','5eb57aa80c6c7'),(984,'','0',0,0,'','5eb57aa80c6c7'),(988,'','0',0,0,'','5eb57aa80c6c7'),(996,'','0',0,0,'','5eb57aa80c6c7'),(801,'','0',0,0,'','5eb57b04aae99'),(821,'','0',0,0,'','5eb57b04aae99'),(872,'','0',0,0,'','5eb57b04aae99'),(885,'','0',0,0,'','5eb57b04aae99'),(897,'','0',0,0,'','5eb57b04aae99'),(920,'','0',0,0,'','5eb57b04aae99'),(925,'','0',0,0,'','5eb57b04aae99'),(926,'','0',0,0,'','5eb57b04aae99'),(927,'','0',0,0,'','5eb57b04aae99'),(933,'','0',0,0,'','5eb57b04aae99'),(936,'','0',0,0,'','5eb57b04aae99'),(943,'','0',0,0,'','5eb57b04aae99'),(947,'','0',0,0,'','5eb57b04aae99'),(953,'','0',0,0,'','5eb57b04aae99'),(959,'El alternar al personal','0',0,0,'','5eb57b04aae99'),(963,'','0',0,0,'','5eb57b04aae99'),(966,'','0',0,0,'','5eb57b04aae99'),(977,'Deduccion del 75% del impuesto sobre nomina','0',0,0,'','5eb57b04aae99'),(984,'','0',0,0,'','5eb57b04aae99'),(988,'','0',0,0,'','5eb57b04aae99'),(993,'','0',0,0,'','5eb57b04aae99'),(801,'','0',0,0,'','5eb57b5aeb1b4'),(839,'','0',0,0,'','5eb57b5aeb1b4'),(877,'','0',0,0,'','5eb57b5aeb1b4'),(883,'','0',0,0,'','5eb57b5aeb1b4'),(903,'','0',0,0,'','5eb57b5aeb1b4'),(922,'','0',0,0,'','5eb57b5aeb1b4'),(926,'','0',0,0,'','5eb57b5aeb1b4'),(927,'','0',0,0,'','5eb57b5aeb1b4'),(934,'','0',0,0,'','5eb57b5aeb1b4'),(939,'','0',0,0,'','5eb57b5aeb1b4'),(943,'','0',0,0,'','5eb57b5aeb1b4'),(944,'','0',0,0,'','5eb57b5aeb1b4'),(950,'','0',0,0,'','5eb57b5aeb1b4'),(954,'','0',0,0,'','5eb57b5aeb1b4'),(959,'Trabajo desde casa','0',0,0,'','5eb57b5aeb1b4'),(962,'','0',0,0,'','5eb57b5aeb1b4'),(965,'','0',0,0,'','5eb57b5aeb1b4'),(977,'Ninguna','0',0,0,'','5eb57b5aeb1b4'),(985,'','0',0,0,'','5eb57b5aeb1b4'),(988,'','0',0,0,'','5eb57b5aeb1b4'),(996,'','0',0,0,'','5eb57b5aeb1b4'),(801,'','0',0,0,'','5eb57baa5945e'),(803,'','0',0,0,'','5eb57baa5945e'),(872,'','0',0,0,'','5eb57baa5945e'),(884,'','0',0,0,'','5eb57baa5945e'),(888,'','0',0,0,'','5eb57baa5945e'),(920,'','0',0,0,'','5eb57baa5945e'),(926,'','0',0,0,'','5eb57baa5945e'),(927,'','0',0,0,'','5eb57baa5945e'),(928,'','0',0,0,'','5eb57baa5945e'),(929,'','0',0,0,'','5eb57baa5945e'),(930,'','0',0,0,'','5eb57baa5945e'),(934,'','0',0,0,'','5eb57baa5945e'),(939,'','0',0,0,'','5eb57baa5945e'),(940,'','0',0,0,'','5eb57baa5945e'),(947,'','0',0,0,'','5eb57baa5945e'),(954,'','0',0,0,'','5eb57baa5945e'),(959,'HACER REEINGENIERIA TOTAL Y CORTAR GASTOS','0',0,0,'','5eb57baa5945e'),(961,'','0',0,0,'','5eb57baa5945e'),(982,'','0',0,0,'','5eb57baa5945e'),(977,'NO','0',0,0,'','5eb57baa5945e'),(984,'','0',0,0,'','5eb57baa5945e'),(988,'','0',0,0,'','5eb57baa5945e'),(993,'','0',0,0,'','5eb57baa5945e'),(801,'','0',0,0,'','5eb57d2fec859'),(846,'','0',0,0,'','5eb57d2fec859'),(874,'','0',0,0,'','5eb57d2fec859'),(884,'','0',0,0,'','5eb57d2fec859'),(906,'','0',0,0,'','5eb57d2fec859'),(921,'','0',0,0,'','5eb57d2fec859'),(926,'','0',0,0,'','5eb57d2fec859'),(927,'','0',0,0,'','5eb57d2fec859'),(930,'','0',0,0,'','5eb57d2fec859'),(932,'','0',0,0,'','5eb57d2fec859'),(939,'','0',0,0,'','5eb57d2fec859'),(943,'','0',0,0,'','5eb57d2fec859'),(947,'','0',0,0,'','5eb57d2fec859'),(953,'','0',0,0,'','5eb57d2fec859'),(959,'Se establecieron filtros de entrada, uso obligatorio de cubrebocas dentro de la oficina , toma de temperatura , campañas continuas de limpieza y desinfección de manos','0',0,0,'','5eb57d2fec859'),(983,'','0',0,0,'','5eb57d2fec859'),(982,'','0',0,0,'','5eb57d2fec859'),(977,'paquetes de apoyo alimenticio y de medicamentos ','0',0,0,'','5eb57d2fec859'),(984,'','0',0,0,'','5eb57d2fec859'),(988,'','0',0,0,'','5eb57d2fec859'),(996,'','0',0,0,'','5eb57d2fec859'),(801,'','0',0,0,'','5eb57fb1cab2f'),(846,'','0',0,0,'','5eb57fb1cab2f'),(871,'','0',0,0,'','5eb57fb1cab2f'),(886,'','0',0,0,'','5eb57fb1cab2f'),(906,'','0',0,0,'','5eb57fb1cab2f'),(920,'','0',0,0,'','5eb57fb1cab2f'),(925,'','0',0,0,'','5eb57fb1cab2f'),(926,'','0',0,0,'','5eb57fb1cab2f'),(927,'','0',0,0,'','5eb57fb1cab2f'),(929,'','0',0,0,'','5eb57fb1cab2f'),(933,'','0',0,0,'','5eb57fb1cab2f'),(936,'','0',0,0,'','5eb57fb1cab2f'),(943,'','0',0,0,'','5eb57fb1cab2f'),(947,'','0',0,0,'','5eb57fb1cab2f'),(953,'','0',0,0,'','5eb57fb1cab2f'),(959,'N/A','0',0,0,'','5eb57fb1cab2f'),(963,'','0',0,0,'','5eb57fb1cab2f'),(978,'','0',0,0,'','5eb57fb1cab2f'),(977,'N/A','0',0,0,'','5eb57fb1cab2f'),(984,'','0',0,0,'','5eb57fb1cab2f'),(989,'','0',0,0,'','5eb57fb1cab2f'),(993,'','0',0,0,'','5eb57fb1cab2f'),(801,'','0',0,0,'','5eb57ff3cc7c3'),(813,'','0',0,0,'','5eb57ff3cc7c3'),(875,'','0',0,0,'','5eb57ff3cc7c3'),(883,'','0',0,0,'','5eb57ff3cc7c3'),(896,'','0',0,0,'','5eb57ff3cc7c3'),(923,'','0',0,0,'','5eb57ff3cc7c3'),(929,'','0',0,0,'','5eb57ff3cc7c3'),(930,'','0',0,0,'','5eb57ff3cc7c3'),(931,'','0',0,0,'','5eb57ff3cc7c3'),(936,'','0',0,0,'','5eb57ff3cc7c3'),(943,'','0',0,0,'','5eb57ff3cc7c3'),(947,'','0',0,0,'','5eb57ff3cc7c3'),(953,'','0',0,0,'','5eb57ff3cc7c3'),(959,'Controlar mejor nuestra cartera de clientes y ofrecer convenios de deuda con nuestros clientes, en caso de ser necesario. ','0',0,0,'','5eb57ff3cc7c3'),(963,'','0',0,0,'','5eb57ff3cc7c3'),(982,'','0',0,0,'','5eb57ff3cc7c3'),(977,'Disminucion del ISN','0',0,0,'','5eb57ff3cc7c3'),(984,'','0',0,0,'','5eb57ff3cc7c3'),(988,'','0',0,0,'','5eb57ff3cc7c3'),(993,'','0',0,0,'','5eb57ff3cc7c3'),(798,'','0',0,0,'','5eb5812f65bb1'),(802,'','0',0,0,'','5eb5812f65bb1'),(882,'','0',0,0,'','5eb5812f65bb1'),(884,'','0',0,0,'','5eb5812f65bb1'),(888,'','0',0,0,'','5eb5812f65bb1'),(920,'','0',0,0,'','5eb5812f65bb1'),(928,'','0',0,0,'','5eb5812f65bb1'),(929,'','0',0,0,'','5eb5812f65bb1'),(935,'','0',0,0,'','5eb5812f65bb1'),(936,'','0',0,0,'','5eb5812f65bb1'),(940,'','0',0,0,'','5eb5812f65bb1'),(944,'','0',0,0,'','5eb5812f65bb1'),(948,'','0',0,0,'','5eb5812f65bb1'),(950,'','0',0,0,'','5eb5812f65bb1'),(953,'','0',0,0,'','5eb5812f65bb1'),(959,'Informar a empleados de cuidarse.. estar en casa.. aprovechar su tiempo en leer, tomar curso, etc','0',0,0,'','5eb5812f65bb1'),(962,'','0',0,0,'','5eb5812f65bb1'),(979,'','0',0,0,'','5eb5812f65bb1'),(977,'Apoyo a meseros que se quedaron sin trabajo  desde el 16 de marzo ','0',0,0,'','5eb5812f65bb1'),(984,'','0',0,0,'','5eb5812f65bb1'),(988,'','0',0,0,'','5eb5812f65bb1'),(993,'','0',0,0,'','5eb5812f65bb1'),(801,'','0',0,0,'','5eb5814de0559'),(803,'','0',0,0,'','5eb5814de0559'),(875,'','0',0,0,'','5eb5814de0559'),(883,'','0',0,0,'','5eb5814de0559'),(888,'','0',0,0,'','5eb5814de0559'),(920,'','0',0,0,'','5eb5814de0559'),(928,'','0',0,0,'','5eb5814de0559'),(933,'','0',0,0,'','5eb5814de0559'),(936,'','0',0,0,'','5eb5814de0559'),(943,'','0',0,0,'','5eb5814de0559'),(947,'','0',0,0,'','5eb5814de0559'),(952,'','0',0,0,'','5eb5814de0559'),(959,'reforzar el contacto con clientes por medios electronicos.','0',0,0,'','5eb5814de0559'),(963,'','0',0,0,'','5eb5814de0559'),(965,'','0',0,0,'','5eb5814de0559'),(977,'muchas pruebas para detectar coronavirus, creditos accesibles y apoyos fiscales. ','0',0,0,'','5eb5814de0559'),(984,'','0',0,0,'','5eb5814de0559'),(989,'','0',0,0,'','5eb5814de0559'),(993,'','0',0,0,'','5eb5814de0559'),(801,'','0',0,0,'','5eb581973283d'),(813,'','0',0,0,'','5eb581973283d'),(877,'','0',0,0,'','5eb581973283d'),(883,'','0',0,0,'','5eb581973283d'),(896,'','0',0,0,'','5eb581973283d'),(922,'','0',0,0,'','5eb581973283d'),(925,'','0',0,0,'','5eb581973283d'),(926,'','0',0,0,'','5eb581973283d'),(927,'','0',0,0,'','5eb581973283d'),(928,'','0',0,0,'','5eb581973283d'),(929,'','0',0,0,'','5eb581973283d'),(933,'','0',0,0,'','5eb581973283d'),(939,'','0',0,0,'','5eb581973283d'),(943,'','0',0,0,'','5eb581973283d'),(944,'','0',0,0,'','5eb581973283d'),(948,'','0',0,0,'','5eb581973283d'),(949,'','0',0,0,'','5eb581973283d'),(953,'','0',0,0,'','5eb581973283d'),(959,'reconstruirse','0',0,0,'','5eb581973283d'),(962,'','0',0,0,'','5eb581973283d'),(982,'','0',0,0,'','5eb581973283d'),(977,'Chihuahua','0',0,0,'','5eb581973283d'),(984,'','0',0,0,'','5eb581973283d'),(990,'','0',0,0,'','5eb581973283d'),(996,'','0',0,0,'','5eb581973283d'),(801,'','0',0,0,'','5eb581c6ec658'),(848,'','0',0,0,'','5eb581c6ec658'),(871,'','0',0,0,'','5eb581c6ec658'),(887,'','0',0,0,'','5eb581c6ec658'),(908,'','0',0,0,'','5eb581c6ec658'),(920,'','0',0,0,'','5eb581c6ec658'),(925,'','0',0,0,'','5eb581c6ec658'),(926,'','0',0,0,'','5eb581c6ec658'),(927,'','0',0,0,'','5eb581c6ec658'),(934,'','0',0,0,'','5eb581c6ec658'),(936,'','0',0,0,'','5eb581c6ec658'),(943,'','0',0,0,'','5eb581c6ec658'),(944,'','0',0,0,'','5eb581c6ec658'),(948,'','0',0,0,'','5eb581c6ec658'),(949,'','0',0,0,'','5eb581c6ec658'),(950,'','0',0,0,'','5eb581c6ec658'),(954,'','0',0,0,'','5eb581c6ec658'),(959,'los ya mencionados','0',0,0,'','5eb581c6ec658'),(961,'','0',0,0,'','5eb581c6ec658'),(968,'','0',0,0,'','5eb581c6ec658'),(977,'no','0',0,0,'','5eb581c6ec658'),(985,'','0',0,0,'','5eb581c6ec658'),(988,'','0',0,0,'','5eb581c6ec658'),(993,'','0',0,0,'','5eb581c6ec658'),(801,'','0',0,0,'','5eb5820866cbb'),(848,'','0',0,0,'','5eb5820866cbb'),(870,'','0',0,0,'','5eb5820866cbb'),(884,'','0',0,0,'','5eb5820866cbb'),(908,'','0',0,0,'','5eb5820866cbb'),(922,'','0',0,0,'','5eb5820866cbb'),(925,'','0',0,0,'','5eb5820866cbb'),(927,'','0',0,0,'','5eb5820866cbb'),(934,'','0',0,0,'','5eb5820866cbb'),(936,'','0',0,0,'','5eb5820866cbb'),(940,'','0',0,0,'','5eb5820866cbb'),(944,'','0',0,0,'','5eb5820866cbb'),(948,'','0',0,0,'','5eb5820866cbb'),(949,'','0',0,0,'','5eb5820866cbb'),(954,'','0',0,0,'','5eb5820866cbb'),(959,'Cerrar la oficina Buscar nuevos nichos ','0',0,0,'','5eb5820866cbb'),(960,'','0',0,0,'','5eb5820866cbb'),(965,'','0',0,0,'','5eb5820866cbb'),(977,'Ninguna','0',0,0,'','5eb5820866cbb'),(985,'','0',0,0,'','5eb5820866cbb'),(988,'','0',0,0,'','5eb5820866cbb'),(996,'','0',0,0,'','5eb5820866cbb'),(801,'','0',0,0,'','5eb582356013d'),(802,'','0',0,0,'','5eb582356013d'),(872,'','0',0,0,'','5eb582356013d'),(883,'','0',0,0,'','5eb582356013d'),(903,'','0',0,0,'','5eb582356013d'),(920,'','0',0,0,'','5eb582356013d'),(925,'','0',0,0,'','5eb582356013d'),(926,'','0',0,0,'','5eb582356013d'),(928,'','0',0,0,'','5eb582356013d'),(930,'','0',0,0,'','5eb582356013d'),(935,'','0',0,0,'','5eb582356013d'),(936,'','0',0,0,'','5eb582356013d'),(940,'','0',0,0,'','5eb582356013d'),(944,'','0',0,0,'','5eb582356013d'),(950,'','0',0,0,'','5eb582356013d'),(953,'','0',0,0,'','5eb582356013d'),(959,'Haciendo caso a las recomendaciones de salud','0',0,0,'','5eb582356013d'),(961,'','0',0,0,'','5eb582356013d'),(982,'','0',0,0,'','5eb582356013d'),(977,'Ninguna','0',0,0,'','5eb582356013d'),(986,'','0',0,0,'','5eb582356013d'),(991,'','0',0,0,'','5eb582356013d'),(996,'','0',0,0,'','5eb582356013d'),(801,'','0',0,0,'','5eb5824cc0c12'),(848,'','0',0,0,'','5eb5824cc0c12'),(872,'','0',0,0,'','5eb5824cc0c12'),(884,'','0',0,0,'','5eb5824cc0c12'),(908,'','0',0,0,'','5eb5824cc0c12'),(920,'','0',0,0,'','5eb5824cc0c12'),(925,'','0',0,0,'','5eb5824cc0c12'),(927,'','0',0,0,'','5eb5824cc0c12'),(928,'','0',0,0,'','5eb5824cc0c12'),(934,'','0',0,0,'','5eb5824cc0c12'),(936,'','0',0,0,'','5eb5824cc0c12'),(943,'','0',0,0,'','5eb5824cc0c12'),(944,'','0',0,0,'','5eb5824cc0c12'),(949,'','0',0,0,'','5eb5824cc0c12'),(950,'','0',0,0,'','5eb5824cc0c12'),(954,'','0',0,0,'','5eb5824cc0c12'),(959,'Protección recomendaciones de salud ','0',0,0,'','5eb5824cc0c12'),(960,'','0',0,0,'','5eb5824cc0c12'),(965,'','0',0,0,'','5eb5824cc0c12'),(977,'No','0',0,0,'','5eb5824cc0c12'),(986,'','0',0,0,'','5eb5824cc0c12'),(988,'','0',0,0,'','5eb5824cc0c12'),(993,'','0',0,0,'','5eb5824cc0c12'),(801,'','0',0,0,'','5eb582b568a1f'),(805,'','0',0,0,'','5eb582b568a1f'),(872,'','0',0,0,'','5eb582b568a1f'),(884,'','0',0,0,'','5eb582b568a1f'),(891,'','0',0,0,'','5eb582b568a1f'),(920,'','0',0,0,'','5eb582b568a1f'),(925,'','0',0,0,'','5eb582b568a1f'),(929,'','0',0,0,'','5eb582b568a1f'),(933,'','0',0,0,'','5eb582b568a1f'),(939,'','0',0,0,'','5eb582b568a1f'),(943,'','0',0,0,'','5eb582b568a1f'),(944,'','0',0,0,'','5eb582b568a1f'),(950,'','0',0,0,'','5eb582b568a1f'),(953,'','0',0,0,'','5eb582b568a1f'),(959,'proteccion, desinfecciones, su sana distancia','0',0,0,'','5eb582b568a1f'),(962,'','0',0,0,'','5eb582b568a1f'),(980,'','0',0,0,'','5eb582b568a1f'),(977,'no han dado ninguna ayuda','0',0,0,'','5eb582b568a1f'),(984,'','0',0,0,'','5eb582b568a1f'),(988,'','0',0,0,'','5eb582b568a1f'),(996,'','0',0,0,'','5eb582b568a1f'),(801,'','0',0,0,'','5eb582df3a27b'),(848,'','0',0,0,'','5eb582df3a27b'),(874,'','0',0,0,'','5eb582df3a27b'),(883,'','0',0,0,'','5eb582df3a27b'),(908,'','0',0,0,'','5eb582df3a27b'),(920,'','0',0,0,'','5eb582df3a27b'),(926,'','0',0,0,'','5eb582df3a27b'),(929,'','0',0,0,'','5eb582df3a27b'),(933,'','0',0,0,'','5eb582df3a27b'),(936,'','0',0,0,'','5eb582df3a27b'),(943,'','0',0,0,'','5eb582df3a27b'),(947,'','0',0,0,'','5eb582df3a27b'),(954,'','0',0,0,'','5eb582df3a27b'),(959,'Proteger a los colaboradores más vulnerables, protocolos de trabajo más seguros, considerar planes de cierre total en caso de ser necesario.','0',0,0,'','5eb582df3a27b'),(960,'','0',0,0,'','5eb582df3a27b'),(965,'','0',0,0,'','5eb582df3a27b'),(977,'No, ninguna, somos uno de los estados con los peores resultados.','0',0,0,'','5eb582df3a27b'),(985,'','0',0,0,'','5eb582df3a27b'),(988,'','0',0,0,'','5eb582df3a27b'),(993,'','0',0,0,'','5eb582df3a27b'),(801,'','0',0,0,'','5eb5836711cf8'),(847,'','0',0,0,'','5eb5836711cf8'),(879,'','0',0,0,'','5eb5836711cf8'),(883,'','0',0,0,'','5eb5836711cf8'),(907,'','0',0,0,'','5eb5836711cf8'),(920,'','0',0,0,'','5eb5836711cf8'),(925,'','0',0,0,'','5eb5836711cf8'),(928,'','0',0,0,'','5eb5836711cf8'),(930,'','0',0,0,'','5eb5836711cf8'),(934,'','0',0,0,'','5eb5836711cf8'),(939,'','0',0,0,'','5eb5836711cf8'),(940,'','0',0,0,'','5eb5836711cf8'),(944,'','0',0,0,'','5eb5836711cf8'),(949,'','0',0,0,'','5eb5836711cf8'),(950,'','0',0,0,'','5eb5836711cf8'),(953,'','0',0,0,'','5eb5836711cf8'),(959,'Mantener cerrado y solamente pedidos para llevar','0',0,0,'','5eb5836711cf8'),(960,'','0',0,0,'','5eb5836711cf8'),(965,'','0',0,0,'','5eb5836711cf8'),(977,'No','0',0,0,'','5eb5836711cf8'),(986,'','0',0,0,'','5eb5836711cf8'),(989,'','0',0,0,'','5eb5836711cf8'),(996,'','0',0,0,'','5eb5836711cf8'),(801,'','0',0,0,'','5eb583b54efa0'),(847,'','0',0,0,'','5eb583b54efa0'),(873,'','0',0,0,'','5eb583b54efa0'),(885,'','0',0,0,'','5eb583b54efa0'),(907,'','0',0,0,'','5eb583b54efa0'),(920,'','0',0,0,'','5eb583b54efa0'),(925,'','0',0,0,'','5eb583b54efa0'),(926,'','0',0,0,'','5eb583b54efa0'),(927,'','0',0,0,'','5eb583b54efa0'),(929,'','0',0,0,'','5eb583b54efa0'),(933,'','0',0,0,'','5eb583b54efa0'),(939,'','0',0,0,'','5eb583b54efa0'),(943,'','0',0,0,'','5eb583b54efa0'),(947,'','0',0,0,'','5eb583b54efa0'),(954,'','0',0,0,'','5eb583b54efa0'),(959,'Exámenes médicos para conocer el estado de salud general de los trabajadores','0',0,0,'','5eb583b54efa0'),(963,'','0',0,0,'','5eb583b54efa0'),(965,'','0',0,0,'','5eb583b54efa0'),(977,'Ninguna','0',0,0,'','5eb583b54efa0'),(984,'','0',0,0,'','5eb583b54efa0'),(988,'','0',0,0,'','5eb583b54efa0'),(996,'','0',0,0,'','5eb583b54efa0'),(801,'','0',0,0,'','5eb58400ace49'),(839,'','0',0,0,'','5eb58400ace49'),(873,'','0',0,0,'','5eb58400ace49'),(883,'','0',0,0,'','5eb58400ace49'),(903,'','0',0,0,'','5eb58400ace49'),(920,'','0',0,0,'','5eb58400ace49'),(927,'','0',0,0,'','5eb58400ace49'),(928,'','0',0,0,'','5eb58400ace49'),(929,'','0',0,0,'','5eb58400ace49'),(934,'','0',0,0,'','5eb58400ace49'),(939,'','0',0,0,'','5eb58400ace49'),(943,'','0',0,0,'','5eb58400ace49'),(944,'','0',0,0,'','5eb58400ace49'),(948,'','0',0,0,'','5eb58400ace49'),(949,'','0',0,0,'','5eb58400ace49'),(950,'','0',0,0,'','5eb58400ace49'),(953,'','0',0,0,'','5eb58400ace49'),(959,'Precauciones de limpieza en oficinas y lavado de manos','0',0,0,'','5eb58400ace49'),(961,'','0',0,0,'','5eb58400ace49'),(982,'','0',0,0,'','5eb58400ace49'),(977,'Ninguna se ha llevado a cabo, como los préstamos que anunciaron, siguen parados','0',0,0,'','5eb58400ace49'),(985,'','0',0,0,'','5eb58400ace49'),(988,'','0',0,0,'','5eb58400ace49'),(996,'','0',0,0,'','5eb58400ace49'),(801,'','0',0,0,'','5eb584e5dfe81'),(847,'','0',0,0,'','5eb584e5dfe81'),(877,'','0',0,0,'','5eb584e5dfe81'),(883,'','0',0,0,'','5eb584e5dfe81'),(907,'','0',0,0,'','5eb584e5dfe81'),(920,'','0',0,0,'','5eb584e5dfe81'),(927,'','0',0,0,'','5eb584e5dfe81'),(929,'','0',0,0,'','5eb584e5dfe81'),(934,'','0',0,0,'','5eb584e5dfe81'),(939,'','0',0,0,'','5eb584e5dfe81'),(943,'','0',0,0,'','5eb584e5dfe81'),(947,'','0',0,0,'','5eb584e5dfe81'),(952,'','0',0,0,'','5eb584e5dfe81'),(959,'Ninguna','0',0,0,'','5eb584e5dfe81'),(960,'','0',0,0,'','5eb584e5dfe81'),(965,'','0',0,0,'','5eb584e5dfe81'),(977,'Reduccion isn','0',0,0,'','5eb584e5dfe81'),(984,'','0',0,0,'','5eb584e5dfe81'),(988,'','0',0,0,'','5eb584e5dfe81'),(996,'','0',0,0,'','5eb584e5dfe81'),(801,'','0',0,0,'','5eb5858f04833'),(848,'','0',0,0,'','5eb5858f04833'),(878,'','0',0,0,'','5eb5858f04833'),(883,'','0',0,0,'','5eb5858f04833'),(908,'','0',0,0,'','5eb5858f04833'),(920,'','0',0,0,'','5eb5858f04833'),(925,'','0',0,0,'','5eb5858f04833'),(926,'','0',0,0,'','5eb5858f04833'),(927,'','0',0,0,'','5eb5858f04833'),(928,'','0',0,0,'','5eb5858f04833'),(930,'','0',0,0,'','5eb5858f04833'),(934,'','0',0,0,'','5eb5858f04833'),(936,'','0',0,0,'','5eb5858f04833'),(943,'','0',0,0,'','5eb5858f04833'),(947,'','0',0,0,'','5eb5858f04833'),(954,'','0',0,0,'','5eb5858f04833'),(959,'Disminución de contacto y sanitizacion extrema','0',0,0,'','5eb5858f04833'),(960,'','0',0,0,'','5eb5858f04833'),(982,'','0',0,0,'','5eb5858f04833'),(977,'No','0',0,0,'','5eb5858f04833'),(985,'','0',0,0,'','5eb5858f04833'),(988,'','0',0,0,'','5eb5858f04833'),(996,'','0',0,0,'','5eb5858f04833'),(798,'','0',0,0,'','5eb5868cab9ff'),(802,'','0',0,0,'','5eb5868cab9ff'),(871,'','0',0,0,'','5eb5868cab9ff'),(884,'','0',0,0,'','5eb5868cab9ff'),(906,'','0',0,0,'','5eb5868cab9ff'),(922,'','0',0,0,'','5eb5868cab9ff'),(925,'','0',0,0,'','5eb5868cab9ff'),(926,'','0',0,0,'','5eb5868cab9ff'),(927,'','0',0,0,'','5eb5868cab9ff'),(928,'','0',0,0,'','5eb5868cab9ff'),(929,'','0',0,0,'','5eb5868cab9ff'),(930,'','0',0,0,'','5eb5868cab9ff'),(935,'','0',0,0,'','5eb5868cab9ff'),(939,'','0',0,0,'','5eb5868cab9ff'),(940,'','0',0,0,'','5eb5868cab9ff'),(947,'','0',0,0,'','5eb5868cab9ff'),(953,'','0',0,0,'','5eb5868cab9ff'),(959,'homeoffice','0',0,0,'','5eb5868cab9ff'),(961,'','0',0,0,'','5eb5868cab9ff'),(968,'','0',0,0,'','5eb5868cab9ff'),(977,'no','0',0,0,'','5eb5868cab9ff'),(984,'','0',0,0,'','5eb5868cab9ff'),(988,'','0',0,0,'','5eb5868cab9ff'),(996,'','0',0,0,'','5eb5868cab9ff'),(801,'','0',0,0,'','5eb58742d7241'),(813,'','0',0,0,'','5eb58742d7241'),(870,'','0',0,0,'','5eb58742d7241'),(884,'','0',0,0,'','5eb58742d7241'),(896,'','0',0,0,'','5eb58742d7241'),(920,'','0',0,0,'','5eb58742d7241'),(925,'','0',0,0,'','5eb58742d7241'),(926,'','0',0,0,'','5eb58742d7241'),(930,'','0',0,0,'','5eb58742d7241'),(933,'','0',0,0,'','5eb58742d7241'),(939,'','0',0,0,'','5eb58742d7241'),(943,'','0',0,0,'','5eb58742d7241'),(944,'','0',0,0,'','5eb58742d7241'),(950,'','0',0,0,'','5eb58742d7241'),(954,'','0',0,0,'','5eb58742d7241'),(959,'Protocolos sanitarios al interior de la empresa. Capacitacion en covid.','0',0,0,'','5eb58742d7241'),(961,'','0',0,0,'','5eb58742d7241'),(982,'','0',0,0,'','5eb58742d7241'),(977,'Creditos a PYMES','0',0,0,'','5eb58742d7241'),(984,'','0',0,0,'','5eb58742d7241'),(988,'','0',0,0,'','5eb58742d7241'),(996,'','0',0,0,'','5eb58742d7241'),(801,'','0',0,0,'','5eb58778db957'),(806,'','0',0,0,'','5eb58778db957'),(873,'','0',0,0,'','5eb58778db957'),(883,'','0',0,0,'','5eb58778db957'),(898,'','0',0,0,'','5eb58778db957'),(922,'','0',0,0,'','5eb58778db957'),(925,'','0',0,0,'','5eb58778db957'),(929,'','0',0,0,'','5eb58778db957'),(933,'','0',0,0,'','5eb58778db957'),(939,'','0',0,0,'','5eb58778db957'),(943,'','0',0,0,'','5eb58778db957'),(944,'','0',0,0,'','5eb58778db957'),(948,'','0',0,0,'','5eb58778db957'),(953,'','0',0,0,'','5eb58778db957'),(959,'Horario laboral medio tiempo, homeoffice, reduccion de gastos como telefonos celulares, papeleria devolucion de vehiculos en arrendamiento, cancelacion de compras al minimo, reestructuracion de deudas','0',0,0,'','5eb58778db957'),(960,'','0',0,0,'','5eb58778db957'),(965,'','0',0,0,'','5eb58778db957'),(977,'los prestamos a empresas','0',0,0,'','5eb58778db957'),(984,'','0',0,0,'','5eb58778db957'),(988,'','0',0,0,'','5eb58778db957'),(996,'','0',0,0,'','5eb58778db957'),(801,'','0',0,0,'','5eb5878c228b8'),(846,'','0',0,0,'','5eb5878c228b8'),(875,'','0',0,0,'','5eb5878c228b8'),(885,'','0',0,0,'','5eb5878c228b8'),(906,'','0',0,0,'','5eb5878c228b8'),(920,'','0',0,0,'','5eb5878c228b8'),(925,'','0',0,0,'','5eb5878c228b8'),(930,'','0',0,0,'','5eb5878c228b8'),(933,'','0',0,0,'','5eb5878c228b8'),(936,'','0',0,0,'','5eb5878c228b8'),(943,'','0',0,0,'','5eb5878c228b8'),(944,'','0',0,0,'','5eb5878c228b8'),(950,'','0',0,0,'','5eb5878c228b8'),(953,'','0',0,0,'','5eb5878c228b8'),(959,'disminuir presencia fisica del personar a a traves del llamado home office','0',0,0,'','5eb5878c228b8'),(962,'','0',0,0,'','5eb5878c228b8'),(979,'','0',0,0,'','5eb5878c228b8'),(977,'La cancelacion de eventos y lugares de espacimiento para evitar la acumulacion de personas','0',0,0,'','5eb5878c228b8'),(985,'','0',0,0,'','5eb5878c228b8'),(991,'','0',0,0,'','5eb5878c228b8'),(996,'','0',0,0,'','5eb5878c228b8'),(801,'','0',0,0,'','5eb588689ca9c'),(813,'','0',0,0,'','5eb588689ca9c'),(878,'','0',0,0,'','5eb588689ca9c'),(885,'','0',0,0,'','5eb588689ca9c'),(896,'','0',0,0,'','5eb588689ca9c'),(922,'','0',0,0,'','5eb588689ca9c'),(925,'','0',0,0,'','5eb588689ca9c'),(926,'','0',0,0,'','5eb588689ca9c'),(930,'','0',0,0,'','5eb588689ca9c'),(933,'','0',0,0,'','5eb588689ca9c'),(939,'','0',0,0,'','5eb588689ca9c'),(943,'','0',0,0,'','5eb588689ca9c'),(947,'','0',0,0,'','5eb588689ca9c'),(953,'','0',0,0,'','5eb588689ca9c'),(959,'Estoy brindando descuentos a mis padres de familia para que sigan pagándome y no se vayan a otro colegio . El colegio está cerrado físicamente pero las maestras están trabajando al 100 y pago la nómina al 100%. Y estoy buscando financiamiento en Fideapech y en banamex pero no he tenido respuesta hasta el día de hoy.','0',0,0,'','5eb588689ca9c'),(963,'','0',0,0,'','5eb588689ca9c'),(965,'','0',0,0,'','5eb588689ca9c'),(977,'Descuento del ISN es buena medida, créditos del Fideapech, exigencia al gobierno federal para que se ofrezcan más créditos a empresarios al 10% anual .','0',0,0,'','5eb588689ca9c'),(984,'','0',0,0,'','5eb588689ca9c'),(988,'','0',0,0,'','5eb588689ca9c'),(996,'','0',0,0,'','5eb588689ca9c'),(801,'','0',0,0,'','5eb588a0c7b03'),(831,'','0',0,0,'','5eb588a0c7b03'),(872,'','0',0,0,'','5eb588a0c7b03'),(884,'','0',0,0,'','5eb588a0c7b03'),(898,'','0',0,0,'','5eb588a0c7b03'),(920,'','0',0,0,'','5eb588a0c7b03'),(925,'','0',0,0,'','5eb588a0c7b03'),(926,'','0',0,0,'','5eb588a0c7b03'),(927,'','0',0,0,'','5eb588a0c7b03'),(928,'','0',0,0,'','5eb588a0c7b03'),(929,'','0',0,0,'','5eb588a0c7b03'),(934,'','0',0,0,'','5eb588a0c7b03'),(936,'','0',0,0,'','5eb588a0c7b03'),(943,'','0',0,0,'','5eb588a0c7b03'),(947,'','0',0,0,'','5eb588a0c7b03'),(953,'','0',0,0,'','5eb588a0c7b03'),(959,'jornadas reducidas, concientizando al personal sobre las medidas que comparten las autoridades sanitarias, laborar con el personal mínimo indispensable ','0',0,0,'','5eb588a0c7b03'),(961,'','0',0,0,'','5eb588a0c7b03'),(965,'','0',0,0,'','5eb588a0c7b03'),(977,'-','0',0,0,'','5eb588a0c7b03'),(984,'','0',0,0,'','5eb588a0c7b03'),(988,'','0',0,0,'','5eb588a0c7b03'),(993,'','0',0,0,'','5eb588a0c7b03'),(801,'','0',0,0,'','5eb58996426db'),(839,'','0',0,0,'','5eb58996426db'),(877,'','0',0,0,'','5eb58996426db'),(883,'','0',0,0,'','5eb58996426db'),(903,'','0',0,0,'','5eb58996426db'),(920,'','0',0,0,'','5eb58996426db'),(927,'','0',0,0,'','5eb58996426db'),(933,'','0',0,0,'','5eb58996426db'),(939,'','0',0,0,'','5eb58996426db'),(943,'','0',0,0,'','5eb58996426db'),(944,'','0',0,0,'','5eb58996426db'),(948,'','0',0,0,'','5eb58996426db'),(949,'','0',0,0,'','5eb58996426db'),(950,'','0',0,0,'','5eb58996426db'),(954,'','0',0,0,'','5eb58996426db'),(959,'Cuidar el flujo, reducir gastis al mínimo, home office','0',0,0,'','5eb58996426db'),(961,'','0',0,0,'','5eb58996426db'),(965,'','0',0,0,'','5eb58996426db'),(977,'Financiamiento a mypimes','0',0,0,'','5eb58996426db'),(984,'','0',0,0,'','5eb58996426db'),(989,'','0',0,0,'','5eb58996426db'),(993,'','0',0,0,'','5eb58996426db'),(801,'','0',0,0,'','5eb589b98aab3'),(831,'','0',0,0,'','5eb589b98aab3'),(870,'','0',0,0,'','5eb589b98aab3'),(884,'','0',0,0,'','5eb589b98aab3'),(898,'','0',0,0,'','5eb589b98aab3'),(922,'','0',0,0,'','5eb589b98aab3'),(925,'','0',0,0,'','5eb589b98aab3'),(933,'','0',0,0,'','5eb589b98aab3'),(936,'','0',0,0,'','5eb589b98aab3'),(940,'','0',0,0,'','5eb589b98aab3'),(944,'','0',0,0,'','5eb589b98aab3'),(949,'','0',0,0,'','5eb589b98aab3'),(954,'','0',0,0,'','5eb589b98aab3'),(959,'Suspensión de labores','0',0,0,'','5eb589b98aab3'),(962,'','0',0,0,'','5eb589b98aab3'),(965,'','0',0,0,'','5eb589b98aab3'),(977,'Diferir pago de inpuestos','0',0,0,'','5eb589b98aab3'),(984,'','0',0,0,'','5eb589b98aab3'),(988,'','0',0,0,'','5eb589b98aab3'),(993,'','0',0,0,'','5eb589b98aab3'),(801,'','0',0,0,'','5eb589c70129e'),(805,'','0',0,0,'','5eb589c70129e'),(871,'','0',0,0,'','5eb589c70129e'),(886,'','0',0,0,'','5eb589c70129e'),(891,'','0',0,0,'','5eb589c70129e'),(920,'','0',0,0,'','5eb589c70129e'),(925,'','0',0,0,'','5eb589c70129e'),(926,'','0',0,0,'','5eb589c70129e'),(929,'','0',0,0,'','5eb589c70129e'),(930,'','0',0,0,'','5eb589c70129e'),(933,'','0',0,0,'','5eb589c70129e'),(936,'','0',0,0,'','5eb589c70129e'),(943,'','0',0,0,'','5eb589c70129e'),(947,'','0',0,0,'','5eb589c70129e'),(953,'','0',0,0,'','5eb589c70129e'),(959,'Protocolo de sanitizado en la entrada y salida de personal, sana distancia dentro de las áreas','0',0,0,'','5eb589c70129e'),(962,'','0',0,0,'','5eb589c70129e'),(967,'','0',0,0,'','5eb589c70129e'),(977,'no','0',0,0,'','5eb589c70129e'),(985,'','0',0,0,'','5eb589c70129e'),(990,'','0',0,0,'','5eb589c70129e'),(993,'','0',0,0,'','5eb589c70129e'),(801,'','0',0,0,'','5eb58bde43a2f'),(848,'','0',0,0,'','5eb58bde43a2f'),(876,'','0',0,0,'','5eb58bde43a2f'),(883,'','0',0,0,'','5eb58bde43a2f'),(908,'','0',0,0,'','5eb58bde43a2f'),(920,'','0',0,0,'','5eb58bde43a2f'),(927,'','0',0,0,'','5eb58bde43a2f'),(930,'','0',0,0,'','5eb58bde43a2f'),(933,'','0',0,0,'','5eb58bde43a2f'),(939,'','0',0,0,'','5eb58bde43a2f'),(943,'','0',0,0,'','5eb58bde43a2f'),(947,'','0',0,0,'','5eb58bde43a2f'),(953,'','0',0,0,'','5eb58bde43a2f'),(959,'Trabajo en casa','0',0,0,'','5eb58bde43a2f'),(960,'','0',0,0,'','5eb58bde43a2f'),(968,'','0',0,0,'','5eb58bde43a2f'),(977,'Ninguna ','0',0,0,'','5eb58bde43a2f'),(984,'','0',0,0,'','5eb58bde43a2f'),(988,'','0',0,0,'','5eb58bde43a2f'),(996,'','0',0,0,'','5eb58bde43a2f'),(801,'','0',0,0,'','5eb58cb6aedc5'),(839,'','0',0,0,'','5eb58cb6aedc5'),(870,'','0',0,0,'','5eb58cb6aedc5'),(884,'','0',0,0,'','5eb58cb6aedc5'),(903,'','0',0,0,'','5eb58cb6aedc5'),(920,'','0',0,0,'','5eb58cb6aedc5'),(928,'','0',0,0,'','5eb58cb6aedc5'),(932,'','0',0,0,'','5eb58cb6aedc5'),(936,'','0',0,0,'','5eb58cb6aedc5'),(943,'','0',0,0,'','5eb58cb6aedc5'),(947,'','0',0,0,'','5eb58cb6aedc5'),(953,'','0',0,0,'','5eb58cb6aedc5'),(959,'Higiene. Sana distancia.y ajuste de personal en 20%','0',0,0,'','5eb58cb6aedc5'),(960,'','0',0,0,'','5eb58cb6aedc5'),(967,'','0',0,0,'','5eb58cb6aedc5'),(977,'Bonificación del impuesto 3% nomina ','0',0,0,'','5eb58cb6aedc5'),(984,'','0',0,0,'','5eb58cb6aedc5'),(988,'','0',0,0,'','5eb58cb6aedc5'),(993,'','0',0,0,'','5eb58cb6aedc5'),(801,'','0',0,0,'','5eb58f200bde5'),(817,'','0',0,0,'','5eb58f200bde5'),(877,'','0',0,0,'','5eb58f200bde5'),(883,'','0',0,0,'','5eb58f200bde5'),(894,'','0',0,0,'','5eb58f200bde5'),(923,'','0',0,0,'','5eb58f200bde5'),(929,'','0',0,0,'','5eb58f200bde5'),(932,'','0',0,0,'','5eb58f200bde5'),(936,'','0',0,0,'','5eb58f200bde5'),(943,'','0',0,0,'','5eb58f200bde5'),(944,'','0',0,0,'','5eb58f200bde5'),(949,'','0',0,0,'','5eb58f200bde5'),(953,'','0',0,0,'','5eb58f200bde5'),(959,'Ajustar Cuotas','0',0,0,'','5eb58f200bde5'),(962,'','0',0,0,'','5eb58f200bde5'),(982,'','0',0,0,'','5eb58f200bde5'),(977,'Créditos Estatales','0',0,0,'','5eb58f200bde5'),(984,'','0',0,0,'','5eb58f200bde5'),(988,'','0',0,0,'','5eb58f200bde5'),(996,'','0',0,0,'','5eb58f200bde5'),(801,'','0',0,0,'','5eb58fdcab75b'),(803,'','0',0,0,'','5eb58fdcab75b'),(877,'','0',0,0,'','5eb58fdcab75b'),(884,'','0',0,0,'','5eb58fdcab75b'),(888,'','0',0,0,'','5eb58fdcab75b'),(922,'','0',0,0,'','5eb58fdcab75b'),(926,'','0',0,0,'','5eb58fdcab75b'),(927,'','0',0,0,'','5eb58fdcab75b'),(928,'','0',0,0,'','5eb58fdcab75b'),(930,'','0',0,0,'','5eb58fdcab75b'),(934,'','0',0,0,'','5eb58fdcab75b'),(936,'','0',0,0,'','5eb58fdcab75b'),(943,'','0',0,0,'','5eb58fdcab75b'),(947,'','0',0,0,'','5eb58fdcab75b'),(954,'','0',0,0,'','5eb58fdcab75b'),(959,'Reinventarnos','0',0,0,'','5eb58fdcab75b'),(960,'','0',0,0,'','5eb58fdcab75b'),(982,'','0',0,0,'','5eb58fdcab75b'),(977,'No','0',0,0,'','5eb58fdcab75b'),(985,'','0',0,0,'','5eb58fdcab75b'),(988,'','0',0,0,'','5eb58fdcab75b'),(996,'','0',0,0,'','5eb58fdcab75b'),(801,'','0',0,0,'','5eb591d1c13dc'),(848,'','0',0,0,'','5eb591d1c13dc'),(871,'','0',0,0,'','5eb591d1c13dc'),(885,'','0',0,0,'','5eb591d1c13dc'),(908,'','0',0,0,'','5eb591d1c13dc'),(920,'','0',0,0,'','5eb591d1c13dc'),(925,'','0',0,0,'','5eb591d1c13dc'),(934,'','0',0,0,'','5eb591d1c13dc'),(939,'','0',0,0,'','5eb591d1c13dc'),(940,'','0',0,0,'','5eb591d1c13dc'),(944,'','0',0,0,'','5eb591d1c13dc'),(948,'','0',0,0,'','5eb591d1c13dc'),(954,'','0',0,0,'','5eb591d1c13dc'),(959,'TODAS LAS QUE PROPONE SECRETARIA DEL TRABAJO','0',0,0,'','5eb591d1c13dc'),(961,'','0',0,0,'','5eb591d1c13dc'),(965,'','0',0,0,'','5eb591d1c13dc'),(977,'NINGUNA','0',0,0,'','5eb591d1c13dc'),(985,'','0',0,0,'','5eb591d1c13dc'),(988,'','0',0,0,'','5eb591d1c13dc'),(996,'','0',0,0,'','5eb591d1c13dc'),(801,'','0',0,0,'','5eb59261dd750'),(803,'','0',0,0,'','5eb59261dd750'),(877,'','0',0,0,'','5eb59261dd750'),(884,'','0',0,0,'','5eb59261dd750'),(888,'','0',0,0,'','5eb59261dd750'),(920,'','0',0,0,'','5eb59261dd750'),(925,'','0',0,0,'','5eb59261dd750'),(929,'','0',0,0,'','5eb59261dd750'),(931,'','0',0,0,'','5eb59261dd750'),(936,'','0',0,0,'','5eb59261dd750'),(943,'','0',0,0,'','5eb59261dd750'),(947,'','0',0,0,'','5eb59261dd750'),(953,'','0',0,0,'','5eb59261dd750'),(959,'reduccion de gastos e inversiones planeadas','0',0,0,'','5eb59261dd750'),(962,'','0',0,0,'','5eb59261dd750'),(968,'','0',0,0,'','5eb59261dd750'),(977,'uso de cubrebocas','0',0,0,'','5eb59261dd750'),(985,'','0',0,0,'','5eb59261dd750'),(990,'','0',0,0,'','5eb59261dd750'),(993,'','0',0,0,'','5eb59261dd750'),(801,'','0',0,0,'','5eb592709f536'),(803,'','0',0,0,'','5eb592709f536'),(872,'','0',0,0,'','5eb592709f536'),(887,'','0',0,0,'','5eb592709f536'),(888,'','0',0,0,'','5eb592709f536'),(920,'','0',0,0,'','5eb592709f536'),(927,'','0',0,0,'','5eb592709f536'),(928,'','0',0,0,'','5eb592709f536'),(929,'','0',0,0,'','5eb592709f536'),(930,'','0',0,0,'','5eb592709f536'),(933,'','0',0,0,'','5eb592709f536'),(936,'','0',0,0,'','5eb592709f536'),(943,'','0',0,0,'','5eb592709f536'),(947,'','0',0,0,'','5eb592709f536'),(954,'','0',0,0,'','5eb592709f536'),(959,'home office, areas sanitizadas, cubre bocas y caretas de proteccíón, ','0',0,0,'','5eb592709f536'),(962,'','0',0,0,'','5eb592709f536'),(966,'','0',0,0,'','5eb592709f536'),(977,'ampliación y condonación de impuestos estatales','0',0,0,'','5eb592709f536'),(984,'','0',0,0,'','5eb592709f536'),(988,'','0',0,0,'','5eb592709f536'),(993,'','0',0,0,'','5eb592709f536'),(801,'','0',0,0,'','5eb5940ecdc26'),(831,'','0',0,0,'','5eb5940ecdc26'),(871,'','0',0,0,'','5eb5940ecdc26'),(885,'','0',0,0,'','5eb5940ecdc26'),(898,'','0',0,0,'','5eb5940ecdc26'),(922,'','0',0,0,'','5eb5940ecdc26'),(925,'','0',0,0,'','5eb5940ecdc26'),(927,'','0',0,0,'','5eb5940ecdc26'),(929,'','0',0,0,'','5eb5940ecdc26'),(933,'','0',0,0,'','5eb5940ecdc26'),(939,'','0',0,0,'','5eb5940ecdc26'),(943,'','0',0,0,'','5eb5940ecdc26'),(944,'','0',0,0,'','5eb5940ecdc26'),(948,'','0',0,0,'','5eb5940ecdc26'),(950,'','0',0,0,'','5eb5940ecdc26'),(953,'','0',0,0,'','5eb5940ecdc26'),(959,'Monitoreo de salud, comunicación con colaboradores para que sean cuidadosos','0',0,0,'','5eb5940ecdc26'),(983,'','0',0,0,'','5eb5940ecdc26'),(982,'','0',0,0,'','5eb5940ecdc26'),(977,'Si','0',0,0,'','5eb5940ecdc26'),(984,'','0',0,0,'','5eb5940ecdc26'),(988,'','0',0,0,'','5eb5940ecdc26'),(996,'','0',0,0,'','5eb5940ecdc26'),(801,'','0',0,0,'','5eb595c81b6ff'),(831,'','0',0,0,'','5eb595c81b6ff'),(872,'','0',0,0,'','5eb595c81b6ff'),(884,'','0',0,0,'','5eb595c81b6ff'),(898,'','0',0,0,'','5eb595c81b6ff'),(922,'','0',0,0,'','5eb595c81b6ff'),(926,'','0',0,0,'','5eb595c81b6ff'),(927,'','0',0,0,'','5eb595c81b6ff'),(930,'','0',0,0,'','5eb595c81b6ff'),(933,'','0',0,0,'','5eb595c81b6ff'),(939,'','0',0,0,'','5eb595c81b6ff'),(943,'','0',0,0,'','5eb595c81b6ff'),(944,'','0',0,0,'','5eb595c81b6ff'),(948,'','0',0,0,'','5eb595c81b6ff'),(949,'','0',0,0,'','5eb595c81b6ff'),(950,'','0',0,0,'','5eb595c81b6ff'),(951,'','0',0,0,'','5eb595c81b6ff'),(953,'','0',0,0,'','5eb595c81b6ff'),(959,'MEDIDAS DE HIGIENE EN GRAL Y HOME OFFICE ','0',0,0,'','5eb595c81b6ff'),(963,'','0',0,0,'','5eb595c81b6ff'),(979,'','0',0,0,'','5eb595c81b6ff'),(977,'AYUDA PARA PAGO DE NOMINA ','0',0,0,'','5eb595c81b6ff'),(984,'','0',0,0,'','5eb595c81b6ff'),(988,'','0',0,0,'','5eb595c81b6ff'),(996,'','0',0,0,'','5eb595c81b6ff'),(801,'','0',0,0,'','5eb5962db2f81'),(851,'','0',0,0,'','5eb5962db2f81'),(873,'','0',0,0,'','5eb5962db2f81'),(884,'','0',0,0,'','5eb5962db2f81'),(910,'','0',0,0,'','5eb5962db2f81'),(922,'','0',0,0,'','5eb5962db2f81'),(925,'','0',0,0,'','5eb5962db2f81'),(935,'','0',0,0,'','5eb5962db2f81'),(936,'','0',0,0,'','5eb5962db2f81'),(940,'','0',0,0,'','5eb5962db2f81'),(944,'','0',0,0,'','5eb5962db2f81'),(948,'','0',0,0,'','5eb5962db2f81'),(953,'','0',0,0,'','5eb5962db2f81'),(959,'Ninguna ','0',0,0,'','5eb5962db2f81'),(983,'','0',0,0,'','5eb5962db2f81'),(979,'','0',0,0,'','5eb5962db2f81'),(977,'Todas ya se aplican en otros estados ','0',0,0,'','5eb5962db2f81'),(985,'','0',0,0,'','5eb5962db2f81'),(992,'','0',0,0,'','5eb5962db2f81'),(996,'','0',0,0,'','5eb5962db2f81'),(801,'','0',0,0,'','5eb59661d9035'),(820,'','0',0,0,'','5eb59661d9035'),(867,'','0',0,0,'','5eb59661d9035'),(887,'','0',0,0,'','5eb59661d9035'),(896,'','0',0,0,'','5eb59661d9035'),(922,'','0',0,0,'','5eb59661d9035'),(926,'','0',0,0,'','5eb59661d9035'),(930,'','0',0,0,'','5eb59661d9035'),(934,'','0',0,0,'','5eb59661d9035'),(939,'','0',0,0,'','5eb59661d9035'),(943,'','0',0,0,'','5eb59661d9035'),(944,'','0',0,0,'','5eb59661d9035'),(948,'','0',0,0,'','5eb59661d9035'),(950,'','0',0,0,'','5eb59661d9035'),(954,'','0',0,0,'','5eb59661d9035'),(959,'apoyo en alimentos, salud a todo el estado, coordinacion empresarial','0',0,0,'','5eb59661d9035'),(963,'','0',0,0,'','5eb59661d9035'),(966,'','0',0,0,'','5eb59661d9035'),(977,'condonacion de impuesto sobre nómina, prestamos a pymes','0',0,0,'','5eb59661d9035'),(985,'','0',0,0,'','5eb59661d9035'),(988,'','0',0,0,'','5eb59661d9035'),(996,'','0',0,0,'','5eb59661d9035'),(801,'','0',0,0,'','5eb596dbc50b8'),(819,'','0',0,0,'','5eb596dbc50b8'),(880,'','0',0,0,'','5eb596dbc50b8'),(885,'','0',0,0,'','5eb596dbc50b8'),(910,'','0',0,0,'','5eb596dbc50b8'),(920,'','0',0,0,'','5eb596dbc50b8'),(925,'','0',0,0,'','5eb596dbc50b8'),(927,'','0',0,0,'','5eb596dbc50b8'),(928,'','0',0,0,'','5eb596dbc50b8'),(929,'','0',0,0,'','5eb596dbc50b8'),(935,'','0',0,0,'','5eb596dbc50b8'),(936,'','0',0,0,'','5eb596dbc50b8'),(940,'','0',0,0,'','5eb596dbc50b8'),(944,'','0',0,0,'','5eb596dbc50b8'),(949,'','0',0,0,'','5eb596dbc50b8'),(950,'','0',0,0,'','5eb596dbc50b8'),(953,'','0',0,0,'','5eb596dbc50b8'),(959,'Entrega de despensas','0',0,0,'','5eb596dbc50b8'),(963,'','0',0,0,'','5eb596dbc50b8'),(965,'','0',0,0,'','5eb596dbc50b8'),(977,'No','0',0,0,'','5eb596dbc50b8'),(984,'','0',0,0,'','5eb596dbc50b8'),(988,'','0',0,0,'','5eb596dbc50b8'),(993,'','0',0,0,'','5eb596dbc50b8'),(801,'','0',0,0,'','5eb596dfc4070'),(858,'','0',0,0,'','5eb596dfc4070'),(867,'','0',0,0,'','5eb596dfc4070'),(884,'','0',0,0,'','5eb596dfc4070'),(908,'','0',0,0,'','5eb596dfc4070'),(920,'','0',0,0,'','5eb596dfc4070'),(927,'','0',0,0,'','5eb596dfc4070'),(929,'','0',0,0,'','5eb596dfc4070'),(933,'','0',0,0,'','5eb596dfc4070'),(939,'','0',0,0,'','5eb596dfc4070'),(943,'','0',0,0,'','5eb596dfc4070'),(947,'','0',0,0,'','5eb596dfc4070'),(953,'','0',0,0,'','5eb596dfc4070'),(959,'Trabajar con el gremio nacional para buscar la reducción de importaciones de carne de cerdo y buscar acelerar la expiración a China','0',0,0,'','5eb596dfc4070'),(961,'','0',0,0,'','5eb596dfc4070'),(965,'','0',0,0,'','5eb596dfc4070'),(977,'En este momento ha de han tomado en todos los estados pero se tardaron. Lo que es importante es estimular el consumo de carne sino los productores desapareceremos ','0',0,0,'','5eb596dfc4070'),(985,'','0',0,0,'','5eb596dfc4070'),(988,'','0',0,0,'','5eb596dfc4070'),(996,'','0',0,0,'','5eb596dfc4070'),(798,'','0',0,0,'','5eb596eb86956'),(802,'','0',0,0,'','5eb596eb86956'),(879,'','0',0,0,'','5eb596eb86956'),(883,'','0',0,0,'','5eb596eb86956'),(897,'','0',0,0,'','5eb596eb86956'),(920,'','0',0,0,'','5eb596eb86956'),(928,'','0',0,0,'','5eb596eb86956'),(930,'','0',0,0,'','5eb596eb86956'),(931,'','0',0,0,'','5eb596eb86956'),(936,'','0',0,0,'','5eb596eb86956'),(943,'','0',0,0,'','5eb596eb86956'),(947,'','0',0,0,'','5eb596eb86956'),(954,'','0',0,0,'','5eb596eb86956'),(959,'Gastar menos, sólo lo necesario, no adquirir deudas, dar al que menos tiene, ','0',0,0,'','5eb596eb86956'),(960,'','0',0,0,'','5eb596eb86956'),(982,'','0',0,0,'','5eb596eb86956'),(977,'Multas a personas que hagan fiestas, proporcionar de adecuada ropa a médicos, enfermeras y personal administrativo en todos los hospitales, más plantillas de médicos y enfermeras con buenos sueldos, así como a policías.','0',0,0,'','5eb596eb86956'),(984,'','0',0,0,'','5eb596eb86956'),(988,'','0',0,0,'','5eb596eb86956'),(996,'','0',0,0,'','5eb596eb86956'),(801,'','0',0,0,'','5eb59745ba73c'),(803,'','0',0,0,'','5eb59745ba73c'),(872,'','0',0,0,'','5eb59745ba73c'),(884,'','0',0,0,'','5eb59745ba73c'),(888,'','0',0,0,'','5eb59745ba73c'),(920,'','0',0,0,'','5eb59745ba73c'),(925,'','0',0,0,'','5eb59745ba73c'),(926,'','0',0,0,'','5eb59745ba73c'),(927,'','0',0,0,'','5eb59745ba73c'),(928,'','0',0,0,'','5eb59745ba73c'),(929,'','0',0,0,'','5eb59745ba73c'),(934,'','0',0,0,'','5eb59745ba73c'),(936,'','0',0,0,'','5eb59745ba73c'),(943,'','0',0,0,'','5eb59745ba73c'),(947,'','0',0,0,'','5eb59745ba73c'),(953,'','0',0,0,'','5eb59745ba73c'),(959,'Jornadas reducidas, laborar con el personal minimo indispensable, mantener el personal que se tenia contratado antes de la pandemia, dar platicas informativas al personal para concientizarlo de su cuidado y el de su familia.','0',0,0,'','5eb59745ba73c'),(961,'','0',0,0,'','5eb59745ba73c'),(965,'','0',0,0,'','5eb59745ba73c'),(977,'-','0',0,0,'','5eb59745ba73c'),(985,'','0',0,0,'','5eb59745ba73c'),(990,'','0',0,0,'','5eb59745ba73c'),(993,'','0',0,0,'','5eb59745ba73c'),(801,'','0',0,0,'','5eb59760ea3d5'),(830,'','0',0,0,'','5eb59760ea3d5'),(877,'','0',0,0,'','5eb59760ea3d5'),(883,'','0',0,0,'','5eb59760ea3d5'),(893,'','0',0,0,'','5eb59760ea3d5'),(922,'','0',0,0,'','5eb59760ea3d5'),(926,'','0',0,0,'','5eb59760ea3d5'),(927,'','0',0,0,'','5eb59760ea3d5'),(928,'','0',0,0,'','5eb59760ea3d5'),(929,'','0',0,0,'','5eb59760ea3d5'),(930,'','0',0,0,'','5eb59760ea3d5'),(932,'','0',0,0,'','5eb59760ea3d5'),(936,'','0',0,0,'','5eb59760ea3d5'),(943,'','0',0,0,'','5eb59760ea3d5'),(947,'','0',0,0,'','5eb59760ea3d5'),(953,'','0',0,0,'','5eb59760ea3d5'),(959,'Platicas Diarias con Colaboradores','0',0,0,'','5eb59760ea3d5'),(962,'','0',0,0,'','5eb59760ea3d5'),(967,'','0',0,0,'','5eb59760ea3d5'),(977,'Creditos ','0',0,0,'','5eb59760ea3d5'),(985,'','0',0,0,'','5eb59760ea3d5'),(990,'','0',0,0,'','5eb59760ea3d5'),(996,'','0',0,0,'','5eb59760ea3d5'),(801,'','0',0,0,'','5eb597d832adc'),(813,'','0',0,0,'','5eb597d832adc'),(870,'','0',0,0,'','5eb597d832adc'),(885,'','0',0,0,'','5eb597d832adc'),(896,'','0',0,0,'','5eb597d832adc'),(920,'','0',0,0,'','5eb597d832adc'),(926,'','0',0,0,'','5eb597d832adc'),(935,'','0',0,0,'','5eb597d832adc'),(939,'','0',0,0,'','5eb597d832adc'),(943,'','0',0,0,'','5eb597d832adc'),(947,'','0',0,0,'','5eb597d832adc'),(953,'','0',0,0,'','5eb597d832adc'),(959,'Entregando a nuestros empleados equipo de proteccionn','0',0,0,'','5eb597d832adc'),(960,'','0',0,0,'','5eb597d832adc'),(978,'','0',0,0,'','5eb597d832adc'),(977,'Ninguna','0',0,0,'','5eb597d832adc'),(984,'','0',0,0,'','5eb597d832adc'),(990,'','0',0,0,'','5eb597d832adc'),(996,'','0',0,0,'','5eb597d832adc'),(801,'','0',0,0,'','5eb597da5def3'),(860,'','0',0,0,'','5eb597da5def3'),(872,'','0',0,0,'','5eb597da5def3'),(886,'','0',0,0,'','5eb597da5def3'),(889,'','0',0,0,'','5eb597da5def3'),(923,'','0',0,0,'','5eb597da5def3'),(925,'','0',0,0,'','5eb597da5def3'),(927,'','0',0,0,'','5eb597da5def3'),(932,'','0',0,0,'','5eb597da5def3'),(936,'','0',0,0,'','5eb597da5def3'),(943,'','0',0,0,'','5eb597da5def3'),(947,'','0',0,0,'','5eb597da5def3'),(954,'','0',0,0,'','5eb597da5def3'),(959,'enviar a resguardo a los empleados y trabajo en casa','0',0,0,'','5eb597da5def3'),(962,'','0',0,0,'','5eb597da5def3'),(966,'','0',0,0,'','5eb597da5def3'),(977,'no','0',0,0,'','5eb597da5def3'),(985,'','0',0,0,'','5eb597da5def3'),(991,'','0',0,0,'','5eb597da5def3'),(993,'','0',0,0,'','5eb597da5def3'),(801,'','0',0,0,'','5eb597e08965b'),(819,'','0',0,0,'','5eb597e08965b'),(881,'','0',0,0,'','5eb597e08965b'),(883,'','0',0,0,'','5eb597e08965b'),(910,'','0',0,0,'','5eb597e08965b'),(920,'','0',0,0,'','5eb597e08965b'),(929,'','0',0,0,'','5eb597e08965b'),(935,'','0',0,0,'','5eb597e08965b'),(936,'','0',0,0,'','5eb597e08965b'),(940,'','0',0,0,'','5eb597e08965b'),(944,'','0',0,0,'','5eb597e08965b'),(949,'','0',0,0,'','5eb597e08965b'),(953,'','0',0,0,'','5eb597e08965b'),(959,'No','0',0,0,'','5eb597e08965b'),(963,'','0',0,0,'','5eb597e08965b'),(979,'','0',0,0,'','5eb597e08965b'),(977,' O','0',0,0,'','5eb597e08965b'),(984,'','0',0,0,'','5eb597e08965b'),(988,'','0',0,0,'','5eb597e08965b'),(993,'','0',0,0,'','5eb597e08965b'),(801,'','0',0,0,'','5eb5983b2f185'),(846,'','0',0,0,'','5eb5983b2f185'),(872,'','0',0,0,'','5eb5983b2f185'),(883,'','0',0,0,'','5eb5983b2f185'),(906,'','0',0,0,'','5eb5983b2f185'),(922,'','0',0,0,'','5eb5983b2f185'),(926,'','0',0,0,'','5eb5983b2f185'),(927,'','0',0,0,'','5eb5983b2f185'),(930,'','0',0,0,'','5eb5983b2f185'),(934,'','0',0,0,'','5eb5983b2f185'),(939,'','0',0,0,'','5eb5983b2f185'),(943,'','0',0,0,'','5eb5983b2f185'),(944,'','0',0,0,'','5eb5983b2f185'),(950,'','0',0,0,'','5eb5983b2f185'),(953,'','0',0,0,'','5eb5983b2f185'),(959,'Distanciamiento, Sanitizacion continua, Difusion preventiva','0',0,0,'','5eb5983b2f185'),(962,'','0',0,0,'','5eb5983b2f185'),(982,'','0',0,0,'','5eb5983b2f185'),(977,'No','0',0,0,'','5eb5983b2f185'),(984,'','0',0,0,'','5eb5983b2f185'),(989,'','0',0,0,'','5eb5983b2f185'),(996,'','0',0,0,'','5eb5983b2f185'),(801,'','0',0,0,'','5eb599e308af6'),(830,'','0',0,0,'','5eb599e308af6'),(870,'','0',0,0,'','5eb599e308af6'),(884,'','0',0,0,'','5eb599e308af6'),(893,'','0',0,0,'','5eb599e308af6'),(920,'','0',0,0,'','5eb599e308af6'),(925,'','0',0,0,'','5eb599e308af6'),(928,'','0',0,0,'','5eb599e308af6'),(929,'','0',0,0,'','5eb599e308af6'),(930,'','0',0,0,'','5eb599e308af6'),(933,'','0',0,0,'','5eb599e308af6'),(936,'','0',0,0,'','5eb599e308af6'),(943,'','0',0,0,'','5eb599e308af6'),(944,'','0',0,0,'','5eb599e308af6'),(948,'','0',0,0,'','5eb599e308af6'),(949,'','0',0,0,'','5eb599e308af6'),(953,'','0',0,0,'','5eb599e308af6'),(959,'trabajo en casa, descansos del personal','0',0,0,'','5eb599e308af6'),(963,'','0',0,0,'','5eb599e308af6'),(978,'','0',0,0,'','5eb599e308af6'),(977,'cubre bocas y distanciamiento social a tiempo','0',0,0,'','5eb599e308af6'),(984,'','0',0,0,'','5eb599e308af6'),(989,'','0',0,0,'','5eb599e308af6'),(996,'','0',0,0,'','5eb599e308af6'),(801,'','0',0,0,'','5eb599ebe1949'),(831,'','0',0,0,'','5eb599ebe1949'),(871,'','0',0,0,'','5eb599ebe1949'),(884,'','0',0,0,'','5eb599ebe1949'),(898,'','0',0,0,'','5eb599ebe1949'),(922,'','0',0,0,'','5eb599ebe1949'),(925,'','0',0,0,'','5eb599ebe1949'),(926,'','0',0,0,'','5eb599ebe1949'),(927,'','0',0,0,'','5eb599ebe1949'),(935,'','0',0,0,'','5eb599ebe1949'),(939,'','0',0,0,'','5eb599ebe1949'),(940,'','0',0,0,'','5eb599ebe1949'),(944,'','0',0,0,'','5eb599ebe1949'),(949,'','0',0,0,'','5eb599ebe1949'),(950,'','0',0,0,'','5eb599ebe1949'),(953,'','0',0,0,'','5eb599ebe1949'),(959,'horarios y plantilla de personal  reduidos escalonado no trabajan  al mismo tiempo','0',0,0,'','5eb599ebe1949'),(962,'','0',0,0,'','5eb599ebe1949'),(979,'','0',0,0,'','5eb599ebe1949'),(977,'apoyo de fondos guanajuato solo que fue insuficiente no todas las empresas logramos el apoyo por falta de agotamiento del recurso','0',0,0,'','5eb599ebe1949'),(984,'','0',0,0,'','5eb599ebe1949'),(988,'','0',0,0,'','5eb599ebe1949'),(996,'','0',0,0,'','5eb599ebe1949'),(798,'','0',0,0,'','5eb59af35c9f7'),(802,'','0',0,0,'','5eb59af35c9f7'),(871,'','0',0,0,'','5eb59af35c9f7'),(886,'','0',0,0,'','5eb59af35c9f7'),(896,'','0',0,0,'','5eb59af35c9f7'),(920,'','0',0,0,'','5eb59af35c9f7'),(925,'','0',0,0,'','5eb59af35c9f7'),(927,'','0',0,0,'','5eb59af35c9f7'),(929,'','0',0,0,'','5eb59af35c9f7'),(934,'','0',0,0,'','5eb59af35c9f7'),(936,'','0',0,0,'','5eb59af35c9f7'),(943,'','0',0,0,'','5eb59af35c9f7'),(944,'','0',0,0,'','5eb59af35c9f7'),(954,'','0',0,0,'','5eb59af35c9f7'),(959,'Muchas mas','0',0,0,'','5eb59af35c9f7'),(963,'','0',0,0,'','5eb59af35c9f7'),(965,'','0',0,0,'','5eb59af35c9f7'),(977,'Sin respuesta','0',0,0,'','5eb59af35c9f7'),(984,'','0',0,0,'','5eb59af35c9f7'),(988,'','0',0,0,'','5eb59af35c9f7'),(993,'','0',0,0,'','5eb59af35c9f7'),(801,'','0',0,0,'','5eb59b4cdb544'),(839,'','0',0,0,'','5eb59b4cdb544'),(877,'','0',0,0,'','5eb59b4cdb544'),(884,'','0',0,0,'','5eb59b4cdb544'),(903,'','0',0,0,'','5eb59b4cdb544'),(923,'','0',0,0,'','5eb59b4cdb544'),(926,'','0',0,0,'','5eb59b4cdb544'),(930,'','0',0,0,'','5eb59b4cdb544'),(933,'','0',0,0,'','5eb59b4cdb544'),(939,'','0',0,0,'','5eb59b4cdb544'),(943,'','0',0,0,'','5eb59b4cdb544'),(947,'','0',0,0,'','5eb59b4cdb544'),(953,'','0',0,0,'','5eb59b4cdb544'),(959,'Home office, facilitar a trabajadores estar con sus familias, (hijos) establecer procesos virtuales para atención a clientes y educación en el uso de cubrebocas, gel y sana distancia entre nosotros. ','0',0,0,'','5eb59b4cdb544'),(962,'','0',0,0,'','5eb59b4cdb544'),(982,'','0',0,0,'','5eb59b4cdb544'),(977,'CONDONACIÓN DEL PAGO DEL 3% DE ISN','0',0,0,'','5eb59b4cdb544'),(984,'','0',0,0,'','5eb59b4cdb544'),(988,'','0',0,0,'','5eb59b4cdb544'),(993,'','0',0,0,'','5eb59b4cdb544'),(801,'','0',0,0,'','5eb59c255837e'),(860,'','0',0,0,'','5eb59c255837e'),(872,'','0',0,0,'','5eb59c255837e'),(884,'','0',0,0,'','5eb59c255837e'),(889,'','0',0,0,'','5eb59c255837e'),(920,'','0',0,0,'','5eb59c255837e'),(926,'','0',0,0,'','5eb59c255837e'),(927,'','0',0,0,'','5eb59c255837e'),(930,'','0',0,0,'','5eb59c255837e'),(933,'','0',0,0,'','5eb59c255837e'),(936,'','0',0,0,'','5eb59c255837e'),(943,'','0',0,0,'','5eb59c255837e'),(944,'','0',0,0,'','5eb59c255837e'),(950,'','0',0,0,'','5eb59c255837e'),(953,'','0',0,0,'','5eb59c255837e'),(959,'medidas sanitarias con el personal.','0',0,0,'','5eb59c255837e'),(961,'','0',0,0,'','5eb59c255837e'),(979,'','0',0,0,'','5eb59c255837e'),(977,'no','0',0,0,'','5eb59c255837e'),(985,'','0',0,0,'','5eb59c255837e'),(988,'','0',0,0,'','5eb59c255837e'),(996,'','0',0,0,'','5eb59c255837e'),(801,'','0',0,0,'','5eb59c728d4e2'),(817,'','0',0,0,'','5eb59c728d4e2'),(867,'','0',0,0,'','5eb59c728d4e2'),(884,'','0',0,0,'','5eb59c728d4e2'),(894,'','0',0,0,'','5eb59c728d4e2'),(921,'','0',0,0,'','5eb59c728d4e2'),(925,'','0',0,0,'','5eb59c728d4e2'),(927,'','0',0,0,'','5eb59c728d4e2'),(929,'','0',0,0,'','5eb59c728d4e2'),(931,'','0',0,0,'','5eb59c728d4e2'),(936,'','0',0,0,'','5eb59c728d4e2'),(943,'','0',0,0,'','5eb59c728d4e2'),(947,'','0',0,0,'','5eb59c728d4e2'),(954,'','0',0,0,'','5eb59c728d4e2'),(959,'Distanciamiento social. Higiene laboral.','0',0,0,'','5eb59c728d4e2'),(960,'','0',0,0,'','5eb59c728d4e2'),(966,'','0',0,0,'','5eb59c728d4e2'),(977,'Ninguna en especial.','0',0,0,'','5eb59c728d4e2'),(984,'','0',0,0,'','5eb59c728d4e2'),(988,'','0',0,0,'','5eb59c728d4e2'),(993,'','0',0,0,'','5eb59c728d4e2'),(798,'','0',0,0,'','5eb59c7682579'),(802,'','0',0,0,'','5eb59c7682579'),(871,'','0',0,0,'','5eb59c7682579'),(884,'','0',0,0,'','5eb59c7682579'),(906,'','0',0,0,'','5eb59c7682579'),(922,'','0',0,0,'','5eb59c7682579'),(925,'','0',0,0,'','5eb59c7682579'),(927,'','0',0,0,'','5eb59c7682579'),(928,'','0',0,0,'','5eb59c7682579'),(935,'','0',0,0,'','5eb59c7682579'),(939,'','0',0,0,'','5eb59c7682579'),(940,'','0',0,0,'','5eb59c7682579'),(944,'','0',0,0,'','5eb59c7682579'),(949,'','0',0,0,'','5eb59c7682579'),(950,'','0',0,0,'','5eb59c7682579'),(953,'','0',0,0,'','5eb59c7682579'),(959,'Cerramos por completo, no hay mucho que hacer, ','0',0,0,'','5eb59c7682579'),(962,'','0',0,0,'','5eb59c7682579'),(965,'','0',0,0,'','5eb59c7682579'),(977,'Nada que realmente ayude','0',0,0,'','5eb59c7682579'),(984,'','0',0,0,'','5eb59c7682579'),(988,'','0',0,0,'','5eb59c7682579'),(996,'','0',0,0,'','5eb59c7682579'),(798,'','0',0,0,'','5eb59d4645505'),(802,'','0',0,0,'','5eb59d4645505'),(872,'','0',0,0,'','5eb59d4645505'),(884,'','0',0,0,'','5eb59d4645505'),(910,'','0',0,0,'','5eb59d4645505'),(920,'','0',0,0,'','5eb59d4645505'),(926,'','0',0,0,'','5eb59d4645505'),(935,'','0',0,0,'','5eb59d4645505'),(939,'','0',0,0,'','5eb59d4645505'),(940,'','0',0,0,'','5eb59d4645505'),(944,'','0',0,0,'','5eb59d4645505'),(948,'','0',0,0,'','5eb59d4645505'),(953,'','0',0,0,'','5eb59d4645505'),(959,'Ninguno','0',0,0,'','5eb59d4645505'),(962,'','0',0,0,'','5eb59d4645505'),(966,'','0',0,0,'','5eb59d4645505'),(977,'No','0',0,0,'','5eb59d4645505'),(984,'','0',0,0,'','5eb59d4645505'),(989,'','0',0,0,'','5eb59d4645505'),(996,'','0',0,0,'','5eb59d4645505'),(801,'','0',0,0,'','5eb59f6e48280'),(831,'','0',0,0,'','5eb59f6e48280'),(870,'','0',0,0,'','5eb59f6e48280'),(886,'','0',0,0,'','5eb59f6e48280'),(898,'','0',0,0,'','5eb59f6e48280'),(920,'','0',0,0,'','5eb59f6e48280'),(925,'','0',0,0,'','5eb59f6e48280'),(926,'','0',0,0,'','5eb59f6e48280'),(927,'','0',0,0,'','5eb59f6e48280'),(928,'','0',0,0,'','5eb59f6e48280'),(930,'','0',0,0,'','5eb59f6e48280'),(933,'','0',0,0,'','5eb59f6e48280'),(939,'','0',0,0,'','5eb59f6e48280'),(943,'','0',0,0,'','5eb59f6e48280'),(944,'','0',0,0,'','5eb59f6e48280'),(948,'','0',0,0,'','5eb59f6e48280'),(949,'','0',0,0,'','5eb59f6e48280'),(954,'','0',0,0,'','5eb59f6e48280'),(959,'Home Office, Sana Distancia, Protocolo de seguridad','0',0,0,'','5eb59f6e48280'),(983,'','0',0,0,'','5eb59f6e48280'),(965,'','0',0,0,'','5eb59f6e48280'),(977,'Apoyos para pagar nomina','0',0,0,'','5eb59f6e48280'),(984,'','0',0,0,'','5eb59f6e48280'),(988,'','0',0,0,'','5eb59f6e48280'),(996,'','0',0,0,'','5eb59f6e48280'),(801,'','0',0,0,'','5eb5a0857d3d7'),(817,'','0',0,0,'','5eb5a0857d3d7'),(868,'','0',0,0,'','5eb5a0857d3d7'),(884,'','0',0,0,'','5eb5a0857d3d7'),(894,'','0',0,0,'','5eb5a0857d3d7'),(923,'','0',0,0,'','5eb5a0857d3d7'),(929,'','0',0,0,'','5eb5a0857d3d7'),(931,'','0',0,0,'','5eb5a0857d3d7'),(936,'','0',0,0,'','5eb5a0857d3d7'),(943,'','0',0,0,'','5eb5a0857d3d7'),(947,'','0',0,0,'','5eb5a0857d3d7'),(953,'','0',0,0,'','5eb5a0857d3d7'),(959,'No reuniones. Aplicación protocolos recomendados','0',0,0,'','5eb5a0857d3d7'),(962,'','0',0,0,'','5eb5a0857d3d7'),(981,'','0',0,0,'','5eb5a0857d3d7'),(977,'No. Son de muy bajo impacto','0',0,0,'','5eb5a0857d3d7'),(985,'','0',0,0,'','5eb5a0857d3d7'),(990,'','0',0,0,'','5eb5a0857d3d7'),(993,'','0',0,0,'','5eb5a0857d3d7'),(798,'','102',0,0,'',''),(802,'','102',0,0,'',''),(869,'','102',0,0,'',''),(883,'','102',0,0,'',''),(888,'','102',0,0,'',''),(920,'','102',0,0,'',''),(926,'','102',0,0,'',''),(936,'','102',0,0,'',''),(931,'','102',0,0,'',''),(940,'','102',0,0,'',''),(944,'','102',0,0,'',''),(948,'','102',0,0,'',''),(952,'','102',0,0,'',''),(959,'asdad','102',0,0,'',''),(960,'','102',0,0,'',''),(965,'','102',0,0,'',''),(977,'asdd','102',0,0,'',''),(988,'','102',0,0,'',''),(984,'','102',0,0,'',''),(993,'','102',0,0,'','');
/*!40000 ALTER TABLE `iplan_resp_usuario` ENABLE KEYS */;
UNLOCK TABLES;

--
-- Table structure for table `iplan_respuestas`
--

DROP TABLE IF EXISTS `iplan_respuestas`;
/*!40101 SET @saved_cs_client     = @@character_set_client */;
/*!40101 SET character_set_client = utf8 */;
CREATE TABLE `iplan_respuestas` (
  `iIdRespuesta` int(10) NOT NULL AUTO_INCREMENT,
  `iIdPregunta` int(10) NOT NULL,
  `iIdOpcion` int(10) NOT NULL,
  `iActivo` tinyint(1) NOT NULL DEFAULT '1',
  PRIMARY KEY (`iIdRespuesta`)
) ENGINE=InnoDB AUTO_INCREMENT=997 DEFAULT CHARSET=latin1;
/*!40101 SET character_set_client = @saved_cs_client */;

--
-- Dumping data for table `iplan_respuestas`
--

LOCK TABLES `iplan_respuestas` WRITE;
/*!40000 ALTER TABLE `iplan_respuestas` DISABLE KEYS */;
INSERT INTO `iplan_respuestas` VALUES (447,128,634,1),(448,128,635,1),(449,128,636,1),(450,128,637,1),(451,128,638,1),(452,128,639,1),(453,128,640,1),(454,128,641,1),(455,128,642,1),(456,128,643,1),(457,128,644,1),(458,128,645,1),(459,128,646,1),(460,128,647,1),(461,128,648,1),(462,128,649,1),(463,128,650,1),(464,128,651,1),(465,128,652,1),(466,128,653,1),(467,128,654,1),(468,128,655,1),(469,128,656,1),(470,128,657,1),(471,128,658,1),(472,128,659,1),(473,128,660,1),(474,128,661,1),(475,128,662,1),(476,128,663,1),(477,128,664,1),(478,128,665,1),(479,128,666,1),(480,128,667,1),(481,128,668,1),(482,128,669,1),(483,128,670,1),(484,128,671,1),(485,128,672,1),(486,128,673,1),(487,128,674,1),(488,128,675,1),(489,128,676,1),(490,128,677,1),(491,128,678,1),(492,128,679,1),(493,128,680,1),(494,128,681,1),(495,128,682,1),(496,128,683,1),(497,128,684,1),(498,128,685,1),(499,128,686,1),(500,128,687,1),(501,128,688,1),(502,128,689,1),(503,128,690,1),(504,128,691,1),(505,128,692,1),(506,128,693,1),(507,128,694,1),(508,128,695,1),(509,128,696,1),(510,128,697,1),(511,128,698,1),(512,129,699,1),(513,129,700,1),(514,129,701,1),(515,129,702,1),(516,129,703,1),(517,129,704,1),(518,129,705,1),(519,129,706,1),(520,129,707,1),(521,129,708,1),(522,129,709,1),(523,129,710,1),(524,129,711,1),(525,129,712,1),(526,129,713,1),(527,129,714,1),(528,130,715,1),(529,130,716,1),(530,130,717,1),(531,130,718,1),(532,130,719,1),(533,131,720,1),(534,131,721,1),(535,131,722,1),(536,131,723,1),(537,131,724,1),(538,131,725,1),(539,131,726,1),(540,131,727,1),(541,131,728,1),(542,131,729,1),(543,131,730,1),(544,131,731,1),(545,131,732,1),(546,131,733,1),(547,131,734,1),(548,131,735,1),(549,131,736,1),(550,131,737,1),(551,131,738,1),(552,131,739,1),(553,131,740,1),(554,131,741,1),(555,131,742,1),(556,131,743,1),(557,131,744,1),(558,131,745,1),(559,131,746,1),(560,131,747,1),(561,131,748,1),(562,131,749,1),(563,131,750,1),(564,131,751,1),(565,132,752,1),(566,132,753,1),(567,132,754,1),(568,132,755,1),(569,132,756,1),(570,132,757,1),(571,133,758,1),(572,133,759,1),(573,133,760,1),(574,133,761,1),(575,134,762,1),(576,134,763,1),(577,134,764,1),(578,134,765,1),(579,134,766,1),(580,135,767,1),(581,135,768,1),(582,135,769,1),(583,135,770,1),(584,136,771,1),(585,136,772,1),(586,136,773,1),(587,136,774,1),(588,137,775,1),(589,137,776,1),(590,137,777,1),(591,137,778,1),(592,138,779,1),(593,138,780,1),(594,138,781,1),(595,138,782,1),(596,139,783,1),(597,139,784,1),(598,139,785,1),(599,139,786,1),(600,140,787,1),(601,140,788,1),(602,140,789,1),(603,140,790,1),(604,140,791,1),(605,141,792,1),(606,141,793,1),(607,141,794,1),(608,141,795,1),(609,141,796,1),(610,141,797,1),(611,141,798,1),(612,141,799,1),(613,141,800,1),(614,142,801,1),(615,142,802,1),(616,142,803,1),(617,142,804,1),(618,143,805,1),(619,143,806,1),(620,143,807,1),(621,143,808,1),(622,144,809,1),(623,144,810,1),(624,144,811,1),(625,144,812,1),(626,145,813,1),(627,145,814,1),(628,145,815,1),(629,145,816,1),(630,146,817,1),(631,146,818,1),(632,146,819,1),(633,146,820,1),(634,147,821,1),(635,147,822,1),(636,147,823,1),(637,147,824,1),(638,148,825,1),(639,148,826,1),(640,148,827,1),(641,148,828,1),(642,149,829,1),(643,149,830,1),(644,149,831,1),(645,149,832,1),(646,150,833,1),(647,150,834,1),(648,150,835,1),(649,150,836,1),(650,151,837,1),(651,151,838,1),(652,151,839,1),(653,151,840,1),(654,152,841,1),(655,152,842,1),(656,152,843,1),(657,152,844,1),(658,153,845,1),(659,153,846,1),(660,153,847,1),(661,153,848,1),(662,154,849,1),(663,154,850,1),(664,154,851,1),(665,154,852,1),(666,155,853,1),(667,155,854,1),(668,155,855,1),(669,155,856,1),(670,156,857,1),(671,156,858,1),(672,156,859,1),(673,156,860,1),(674,157,861,1),(675,157,862,1),(676,157,863,1),(677,157,864,1),(678,158,865,1),(679,158,866,1),(680,158,867,1),(681,158,868,1),(682,159,869,1),(683,159,870,1),(684,159,871,1),(685,159,872,1),(686,160,873,1),(687,160,874,1),(688,160,875,1),(689,160,876,1),(690,161,877,1),(691,161,878,1),(692,161,879,1),(693,161,880,1),(694,162,881,1),(695,162,882,1),(696,162,883,1),(697,162,884,1),(698,163,885,1),(699,163,886,1),(700,163,887,1),(701,163,888,1),(702,164,889,1),(703,164,890,1),(704,164,891,1),(705,164,892,1),(706,165,893,1),(707,165,894,1),(708,165,895,1),(709,165,896,1),(710,166,897,1),(711,166,898,1),(712,166,899,1),(713,166,900,1),(714,167,901,1),(715,167,902,1),(716,167,903,1),(717,167,904,1),(718,168,905,1),(719,168,906,1),(720,168,907,1),(721,168,908,1),(722,169,909,1),(723,169,910,1),(724,169,911,1),(725,169,912,1),(726,170,913,1),(727,170,914,1),(728,170,915,1),(729,170,916,1),(730,171,917,1),(731,171,918,1),(732,171,919,1),(733,171,920,1),(734,172,921,1),(735,172,922,1),(736,172,923,1),(737,172,924,1),(738,173,925,1),(739,173,926,1),(740,173,927,1),(741,173,928,1),(742,174,929,1),(743,174,930,1),(744,174,931,1),(745,174,932,1),(746,175,933,1),(747,175,934,1),(748,175,935,1),(749,175,936,1),(750,176,937,1),(751,176,938,1),(752,176,939,1),(753,176,940,1),(754,177,941,1),(755,177,942,1),(756,177,943,1),(757,177,944,1),(758,178,945,1),(759,178,946,1),(760,178,947,1),(761,178,948,1),(762,179,949,1),(763,179,950,1),(764,179,951,1),(765,179,952,1),(766,180,953,1),(767,180,954,1),(768,180,955,1),(769,180,956,1),(770,180,957,1),(771,180,958,1),(772,180,959,1),(773,180,960,1),(774,180,961,1),(775,180,962,1),(776,180,963,1),(777,180,964,1),(778,180,965,1),(779,180,966,1),(780,180,967,1),(781,180,968,1),(782,180,969,1),(783,180,970,1),(784,180,971,1),(785,180,972,1),(786,180,973,1),(787,180,974,1),(788,180,975,1),(789,180,976,1),(790,180,977,1),(791,180,978,1),(792,180,979,1),(793,180,980,1),(794,180,981,1),(795,180,982,1),(796,180,983,1),(797,180,984,1),(798,181,985,1),(799,181,986,1),(800,181,987,1),(801,181,988,1),(802,182,989,1),(803,182,990,1),(804,182,991,1),(805,182,992,1),(806,182,993,1),(807,182,994,1),(808,182,995,1),(809,182,996,1),(810,182,997,1),(811,182,998,1),(812,182,999,1),(813,182,1000,1),(814,182,1001,1),(815,182,1002,1),(816,182,1003,1),(817,182,1004,1),(818,182,1005,1),(819,182,1006,1),(820,182,1007,1),(821,182,1008,1),(822,182,1009,1),(823,182,1010,1),(824,182,1011,1),(825,182,1012,1),(826,182,1013,1),(827,182,1014,1),(828,182,1015,1),(829,182,1016,1),(830,182,1017,1),(831,182,1018,1),(832,182,1019,1),(833,182,1020,1),(834,182,1021,1),(835,182,1022,1),(836,182,1023,1),(837,182,1024,1),(838,182,1025,1),(839,182,1026,1),(840,182,1027,1),(841,182,1028,1),(842,182,1029,1),(843,182,1030,1),(844,182,1031,1),(845,182,1032,1),(846,182,1033,1),(847,182,1034,1),(848,182,1035,1),(849,182,1036,1),(850,182,1037,1),(851,182,1038,1),(852,182,1039,1),(853,182,1040,1),(854,182,1041,1),(855,182,1042,1),(856,182,1043,1),(857,182,1044,1),(858,182,1045,1),(859,182,1046,1),(860,182,1047,1),(861,182,1048,1),(862,182,1049,1),(863,182,1050,1),(864,182,1051,1),(865,182,1052,1),(866,182,1053,1),(867,183,1054,1),(868,183,1055,1),(869,183,1056,1),(870,183,1057,1),(871,183,1058,1),(872,183,1059,1),(873,183,1060,1),(874,183,1061,1),(875,183,1062,1),(876,183,1063,1),(877,183,1064,1),(878,183,1065,1),(879,183,1066,1),(880,183,1067,1),(881,183,1068,1),(882,183,1069,1),(883,184,1070,1),(884,184,1071,1),(885,184,1072,1),(886,184,1073,1),(887,184,1074,1),(888,185,1075,1),(889,185,1076,1),(890,185,1077,1),(891,185,1078,1),(892,185,1079,1),(893,185,1080,1),(894,185,1081,1),(895,185,1082,1),(896,185,1083,1),(897,185,1084,1),(898,185,1085,1),(899,185,1086,1),(900,185,1087,1),(901,185,1088,1),(902,185,1089,1),(903,185,1090,1),(904,185,1091,1),(905,185,1092,1),(906,185,1093,1),(907,185,1094,1),(908,185,1095,1),(909,185,1096,1),(910,185,1097,1),(911,185,1098,1),(912,185,1099,1),(913,185,1100,1),(914,185,1101,1),(915,185,1102,1),(916,185,1103,1),(917,185,1104,1),(918,185,1105,1),(919,185,1106,1),(920,186,1107,1),(921,186,1108,1),(922,186,1109,1),(923,186,1110,1),(924,186,1111,1),(925,187,1112,1),(926,187,1113,1),(927,187,1114,1),(928,187,1115,1),(929,187,1116,1),(930,187,1117,1),(931,188,1118,1),(932,188,1119,1),(933,188,1120,1),(934,188,1121,1),(935,188,1122,1),(936,189,1123,1),(937,189,1124,1),(938,189,1125,1),(939,189,1126,1),(940,190,1127,1),(941,190,1128,1),(942,190,1129,1),(943,190,1130,1),(944,191,1131,1),(945,191,1132,1),(946,191,1133,1),(947,191,1134,1),(948,192,1135,1),(949,192,1136,1),(950,192,1137,1),(951,192,1138,1),(952,193,1139,1),(953,193,1140,1),(954,193,1141,1),(955,193,1142,0),(956,194,1143,1),(957,194,1144,1),(958,194,1145,1),(959,194,1146,1),(960,195,1147,1),(961,195,1148,1),(962,195,1149,1),(963,195,1150,1),(964,195,1151,1),(965,196,1152,1),(966,196,1153,1),(967,196,1154,1),(968,196,1155,1),(969,196,1156,1),(970,196,1157,1),(971,196,1158,1),(972,196,1159,1),(973,196,1160,1),(974,197,1161,1),(975,197,1162,1),(976,197,1163,1),(977,197,1164,1),(978,196,1165,1),(979,196,1166,1),(980,196,1167,1),(981,196,1168,1),(982,196,1169,1),(983,195,1170,1),(984,198,1171,1),(985,198,1172,1),(986,198,1173,1),(987,198,1174,1),(988,199,1175,1),(989,199,1176,1),(990,199,1177,1),(991,199,1178,1),(992,199,1179,1),(993,200,1180,1),(994,200,1181,1),(995,200,1182,1),(996,200,1183,1);
/*!40000 ALTER TABLE `iplan_respuestas` ENABLE KEYS */;
UNLOCK TABLES;

--
-- Table structure for table `iplan_usuarios`
--

DROP TABLE IF EXISTS `iplan_usuarios`;
/*!40101 SET @saved_cs_client     = @@character_set_client */;
/*!40101 SET character_set_client = utf8 */;
CREATE TABLE `iplan_usuarios` (
  `iIdUsuario` int(10) NOT NULL AUTO_INCREMENT,
  `vNombre` varchar(200) NOT NULL,
  `vApPat` varchar(200) NOT NULL,
  `vApMat` varchar(200) NOT NULL,
  `vNombreUsuario` varchar(200) NOT NULL,
  `vContrasenia` varchar(50) NOT NULL,
  `vCorreo` varchar(100) NOT NULL,
  `vTelefono` varchar(15) NOT NULL,
  `iTipoUsuario` tinyint(1) NOT NULL DEFAULT '0' COMMENT '1=Admin, 2=Moderador, 3=Usuario, 4=Staff',
  `iTipo` tinyint(1) NOT NULL DEFAULT '1' COMMENT '1= Entidad federativa, 2 = Municipio',
  `vEntidad` varchar(70) DEFAULT NULL,
  `vMunicipio` varchar(70) DEFAULT NULL,
  `iIdCentro` int(10) NOT NULL DEFAULT '0',
  `vToken` varchar(200) NOT NULL,
  `vOtroCentro` varchar(200) NOT NULL,
  `iActivo` tinyint(1) NOT NULL DEFAULT '1',
  `iIdZona` int(11) NOT NULL,
  PRIMARY KEY (`iIdUsuario`)
) ENGINE=InnoDB AUTO_INCREMENT=132 DEFAULT CHARSET=latin1;
/*!40101 SET character_set_client = @saved_cs_client */;

--
-- Dumping data for table `iplan_usuarios`
--

LOCK TABLES `iplan_usuarios` WRITE;
/*!40000 ALTER TABLE `iplan_usuarios` DISABLE KEYS */;
INSERT INTO `iplan_usuarios` VALUES (69,'Luis','Davalos','de la Fuente','luis.davalos','7c4a8d09ca3762af61e59520943dc26494f8941b','ladavalose@gmail.com','56825466',1,0,'Ciudad de México',NULL,64,'','',1,2),(79,'Mylene','Cano','de la Fuente','mylene.cano','7c4a8d09ca3762af61e59520943dc26494f8941b','mcano@coparmex.org.mx','99999999999',1,0,'Ciudad de México',NULL,0,'','',1,0),(102,'Carlos','Canul','Canul','Carlos.Canul','c3a93f99e93a70d9f330f9805fd198e0a7de3d33','carlos.canulcanul@gmail.com','',1,0,'Yucatán',NULL,0,'b88a3ff6f27a4044b25872275ddbfa60','',1,0),(126,'New CC','Canul','Ku','','','carloscanul777@gmail.com','',3,1,NULL,NULL,4,'','',0,0),(127,'New CC','Canul','Ku','','','carloscanul777@gmail.com','',3,1,NULL,NULL,4,'','',0,2),(128,'New CC','Canul','Ku','','','carloscanul777@gmail.com','',3,1,NULL,NULL,4,'','',0,2),(129,'CC Hotmail','CC','CC','','','carloscanul777@hotmail.com','',3,1,NULL,NULL,0,'','',0,0),(130,'Fernando','Berumen','Camacho','Fernando.Berumen','b468d87e03c0950a769485979b42a42d88ca6f31','fberumen@insertecmexico.com.mx',' ',3,1,'Yucatán','',0,'aa1c29bfde78a076c4d761e606cf65ed','INSERTEC MEXICO ',1,0),(131,'DULFRUT DE FRUTAS NATURALES S DE','DE RL','DE RL','DULFRUT.DE','01af75150acf718da9bcab82a80d36174558d9ad','dulfrut.fnatural@gmail.com',' ',3,1,'Yucatán','',38,'2a3172e50a1e4518a6195f548edc3ac0','DULFRUT DE FRUTAS NATURALES',1,22);
/*!40000 ALTER TABLE `iplan_usuarios` ENABLE KEYS */;
UNLOCK TABLES;

--
-- Table structure for table `opciones`
--

DROP TABLE IF EXISTS `opciones`;
/*!40101 SET @saved_cs_client     = @@character_set_client */;
/*!40101 SET character_set_client = utf8 */;
CREATE TABLE `opciones` (
  `iIdOpcion` int(10) NOT NULL AUTO_INCREMENT,
  `vOpcion` varchar(400) NOT NULL,
  `iOtro` tinyint(1) NOT NULL DEFAULT '0',
  `iTipoR` tinyint(1) NOT NULL DEFAULT '0' COMMENT '0= Opción múltiple, 1=Dicotómica, 2=Pregunta abierta',
  `iActivo` tinyint(1) DEFAULT NULL,
  PRIMARY KEY (`iIdOpcion`)
) ENGINE=InnoDB AUTO_INCREMENT=7 DEFAULT CHARSET=latin1;
/*!40101 SET character_set_client = @saved_cs_client */;

--
-- Dumping data for table `opciones`
--

LOCK TABLES `opciones` WRITE;
/*!40000 ALTER TABLE `opciones` DISABLE KEYS */;
INSERT INTO `opciones` VALUES (1,'Si',0,1,1),(2,'No',0,1,1),(3,'R:',1,2,1),(4,'Primer lugar',0,0,1),(5,'Segundo lugar',0,0,1),(6,'Ninguna de las anteriores',0,0,1);
/*!40000 ALTER TABLE `opciones` ENABLE KEYS */;
UNLOCK TABLES;

--
-- Table structure for table `preguntas`
--

DROP TABLE IF EXISTS `preguntas`;
/*!40101 SET @saved_cs_client     = @@character_set_client */;
/*!40101 SET character_set_client = utf8 */;
CREATE TABLE `preguntas` (
  `iIdPregunta` int(10) NOT NULL AUTO_INCREMENT,
  `vPregunta` varchar(400) NOT NULL,
  `iPonderacion` int(10) NOT NULL,
  `iEvidencia` tinyint(1) NOT NULL DEFAULT '0',
  `iTipoPregunta` tinyint(1) NOT NULL DEFAULT '1' COMMENT '0=Opción múliple, 1=Dicotómica (si,no),  2=Pregunta abierta',
  `iActivo` tinyint(1) DEFAULT '1',
  PRIMARY KEY (`iIdPregunta`)
) ENGINE=InnoDB AUTO_INCREMENT=5 DEFAULT CHARSET=latin1;
/*!40101 SET character_set_client = @saved_cs_client */;

--
-- Dumping data for table `preguntas`
--

LOCK TABLES `preguntas` WRITE;
/*!40000 ALTER TABLE `preguntas` DISABLE KEYS */;
INSERT INTO `preguntas` VALUES (1,'¿Está usted de acuerdo con esto?',10,0,1,1),(2,'Describa cuales considera que son sus fortalezas',15,0,2,1),(3,'¿Su municipio cuenta con un plan estatal de desarrollo?',12,1,1,1),(4,'¿En que posición cree usted que quedará?',23,0,0,1);
/*!40000 ALTER TABLE `preguntas` ENABLE KEYS */;
UNLOCK TABLES;

--
-- Table structure for table `resp_usuario`
--

DROP TABLE IF EXISTS `resp_usuario`;
/*!40101 SET @saved_cs_client     = @@character_set_client */;
/*!40101 SET character_set_client = utf8 */;
CREATE TABLE `resp_usuario` (
  `iIdRespuesta` int(10) NOT NULL,
  `vRespuesta` varchar(500) NOT NULL,
  `iIdUsuario` int(10) NOT NULL,
  `iRevisado` tinyint(1) NOT NULL DEFAULT '0',
  `iCalificacion` int(10) NOT NULL DEFAULT '0',
  `vArchivo` varchar(300) NOT NULL
) ENGINE=InnoDB DEFAULT CHARSET=latin1;
/*!40101 SET character_set_client = @saved_cs_client */;

--
-- Dumping data for table `resp_usuario`
--

LOCK TABLES `resp_usuario` WRITE;
/*!40000 ALTER TABLE `resp_usuario` DISABLE KEYS */;
INSERT INTO `resp_usuario` VALUES (1,'',2,0,12,''),(3,'Soy la mera v....',2,0,2,''),(4,'',2,0,4,'Evidencia_3_2.pdf');
/*!40000 ALTER TABLE `resp_usuario` ENABLE KEYS */;
UNLOCK TABLES;

--
-- Table structure for table `respuestas`
--

DROP TABLE IF EXISTS `respuestas`;
/*!40101 SET @saved_cs_client     = @@character_set_client */;
/*!40101 SET character_set_client = utf8 */;
CREATE TABLE `respuestas` (
  `iIdRespuesta` int(10) NOT NULL AUTO_INCREMENT,
  `iIdPregunta` int(10) NOT NULL,
  `iIdOpcion` int(10) NOT NULL,
  `iActivo` tinyint(1) NOT NULL DEFAULT '1',
  PRIMARY KEY (`iIdRespuesta`)
) ENGINE=InnoDB AUTO_INCREMENT=9 DEFAULT CHARSET=latin1;
/*!40101 SET character_set_client = @saved_cs_client */;

--
-- Dumping data for table `respuestas`
--

LOCK TABLES `respuestas` WRITE;
/*!40000 ALTER TABLE `respuestas` DISABLE KEYS */;
INSERT INTO `respuestas` VALUES (1,1,1,1),(2,1,2,1),(3,2,3,1),(4,3,1,1),(5,3,2,1),(6,4,4,1),(7,4,5,1),(8,4,6,1);
/*!40000 ALTER TABLE `respuestas` ENABLE KEYS */;
UNLOCK TABLES;

--
-- Table structure for table `usuarios`
--

DROP TABLE IF EXISTS `usuarios`;
/*!40101 SET @saved_cs_client     = @@character_set_client */;
/*!40101 SET character_set_client = utf8 */;
CREATE TABLE `usuarios` (
  `iIdUsuario` int(10) NOT NULL AUTO_INCREMENT,
  `vNombreUsuario` varchar(200) NOT NULL,
  `vContrasenia` varchar(50) NOT NULL,
  `vCorreo` varchar(100) NOT NULL,
  `iTipoUsuario` tinyint(1) NOT NULL DEFAULT '0' COMMENT '1=Admin, 2=Moderador, 3=Usuario',
  `iTipo` tinyint(1) NOT NULL DEFAULT '1' COMMENT '1= Entidad federativa, 2 = Municipio',
  `vEntidad` varchar(70) DEFAULT NULL,
  `vMunicipio` varchar(70) DEFAULT NULL,
  `iActivo` tinyint(1) NOT NULL DEFAULT '1',
  PRIMARY KEY (`iIdUsuario`)
) ENGINE=InnoDB AUTO_INCREMENT=15 DEFAULT CHARSET=latin1;
/*!40101 SET character_set_client = @saved_cs_client */;

--
-- Dumping data for table `usuarios`
--

LOCK TABLES `usuarios` WRITE;
/*!40000 ALTER TABLE `usuarios` DISABLE KEYS */;
INSERT INTO `usuarios` VALUES (1,'victor.barbosa','40bd001563085fc35165329ea1ff5c5ecbdbbeef','vg.barbosa89@gmail.com',1,1,'Yucatán',NULL,1),(2,'ayuntam.merida','40bd001563085fc35165329ea1ff5c5ecbdbbeef','ayuntamiento.merida@hotmail.com',3,2,'','Mérida',1),(3,'ayunta.izamal','40bd001563085fc35165329ea1ff5c5ecbdbbeef','',3,2,NULL,'Izamal',1),(4,'ayunta.valladolid','40bd001563085fc35165329ea1ff5c5ecbdbbeef','',3,2,NULL,'Valladolid',1),(5,'durango','40bd001563085fc35165329ea1ff5c5ecbdbbeef','',3,1,'Durango',NULL,0),(6,'jorge.estrella','40bd001563085fc35165329ea1ff5c5ecbdbbeef','',2,1,NULL,NULL,1),(7,'juan.perez','40bd001563085fc35165329ea1ff5c5ecbdbbeef','',2,2,NULL,NULL,0),(8,'geovanni.barbosa','e3ba63df7985c6e9ab0d157ee0271183f89c02a7','',1,2,NULL,NULL,0),(9,'g.barbosa','7110eda4d09e062aa5e4a390b0a572ac0d2c0220','geo_barbosa89@hotmail.com',2,2,NULL,NULL,1),(10,'juan.tun','a01b6fa5e51214933ba5d4fdf50e47292523f352','juan@hotmail.com',2,1,NULL,NULL,1),(11,'juan.tun','a01b6fa5e51214933ba5d4fdf50e47292523f352','juan.tun@gmail.com',3,1,NULL,NULL,0),(12,'juan.tun','8cb2237d0679ca88db6464eac60da96345513964','geo_barbosa89@hotmail.com',2,1,'Yucatán','',0),(13,'ayunta.bernal','7110eda4d09e062aa5e4a390b0a572ac0d2c0220','bernal@queretaro.gob.mx',1,2,'','Bernal',1),(14,'ayunta.tequis','40bd001563085fc35165329ea1ff5c5ecbdbbeef','tequis@gmail.com',3,2,'','Tequisquiapan',1);
/*!40000 ALTER TABLE `usuarios` ENABLE KEYS */;
UNLOCK TABLES;
/*!40103 SET TIME_ZONE=@OLD_TIME_ZONE */;

/*!40101 SET SQL_MODE=@OLD_SQL_MODE */;
/*!40014 SET FOREIGN_KEY_CHECKS=@OLD_FOREIGN_KEY_CHECKS */;
/*!40014 SET UNIQUE_CHECKS=@OLD_UNIQUE_CHECKS */;
/*!40101 SET CHARACTER_SET_CLIENT=@OLD_CHARACTER_SET_CLIENT */;
/*!40101 SET CHARACTER_SET_RESULTS=@OLD_CHARACTER_SET_RESULTS */;
/*!40101 SET COLLATION_CONNECTION=@OLD_COLLATION_CONNECTION */;
/*!40111 SET SQL_NOTES=@OLD_SQL_NOTES */;

-- Dump completed on 2020-05-17  9:29:00
